id,item_id,date,quantity,cost (CLP)_x,delivery_date,lead_time,description,description_2,group_description,unit_sale_price (CLP),cost (CLP)_y,storage_cost (CLP),stock,size_m3,cost_per_purchase
186,755,2020-02-03,16,597888.0,2020-02-21,18,jaula refugio hamster m,hogar-transporte,accesorios,49270.0,37368.0,121.0,0.0,0.004,500.0
298,384,2020-02-03,19,1249725.0,2020-02-25,22,pack cuy  animal care,hogar-transporte,accesorios,84160.0,65775.0,176.0,0.0,0.001,1950.0
326,878,2020-02-03,14,633612.0,2020-02-21,18,pack huron acare,hogar-transporte,accesorios,65990.0,45258.0,139.0,0.0,0.001,1300.0
455,1694,2020-03-02,14,652036.0,2020-03-21,19,pack hamster animal care n°2,hogar-transporte,accesorios,67340.0,46574.0,164.0,0.0,0.004,600.0
815,1694,2020-04-06,3,139722.0,2020-04-26,20,pack hamster animal care n°2,hogar-transporte,accesorios,67340.0,46574.0,164.0,0.0,0.004,600.0
819,798,2020-04-06,11,271183.0,2020-04-25,19,jaula cage cavie 60,hogar-transporte,accesorios,36740.0,24653.0,77.0,0.0,0.001,800.0
823,1531,2020-04-06,1,42743.0,2020-04-28,22,pack hamster  animal care  n°1,hogar-transporte,accesorios,54200.0,42743.0,114.0,3.0,0.001,500.0
858,181,2020-04-06,8,85448.0,2020-04-26,20,zd pacco leash small,paseo,accesorios,13900.0,10681.0,29.0,3.0,0.001,600.0
1093,1289,2020-05-04,19,1133996.0,2020-05-22,18,jaula refugio peq. animales grande,hogar-transporte,accesorios,77330.0,59684.0,188.0,1.0,0.004,2550.0
1139,721,2020-05-04,4,207400.0,2020-05-22,18,pack conejo animal care,hogar-transporte,accesorios,73760.0,51850.0,155.0,3.0,0.001,500.0
1158,1057,2020-05-04,15,420780.0,2020-05-22,18,dreamwell cama rectangular gris/blanco,camas,accesorios,39990.0,28052.0,84.0,0.0,0.001,850.0
1350,1437,2020-05-04,14,396760.0,2020-05-28,24,zd violet air-leash,paseo,accesorios,37900.0,28340.0,79.0,1.0,0.001,550.0
1516,1176,2020-06-01,15,483705.0,2020-06-22,21,mazuri tubo huron,enriquecimiento ambiental,accesorios,43890.0,32247.0,107.0,0.0,0.004,2200.0
1527,1057,2020-06-01,1,28052.0,2020-06-25,24,dreamwell cama rectangular gris/blanco,camas,accesorios,39990.0,28052.0,84.0,0.0,0.001,850.0
1615,885,2020-06-01,21,1329993.0,2020-06-26,25,habitrail ovo loft,hogar-transporte,accesorios,89990.0,63333.0,189.0,1.0,0.001,500.0
1853,414,2020-07-06,2,55680.0,2020-07-25,19,habitrail classic kit,hogar-transporte,accesorios,41990.0,27840.0,88.0,1.0,0.001,650.0
1858,210,2020-07-06,3,10137.0,2020-07-24,18,zd bordeau cat collar,paseo,accesorios,4900.0,3379.0,10.0,1.0,0.001,500.0
1876,721,2020-07-06,2,103700.0,2020-07-24,18,pack conejo animal care,hogar-transporte,accesorios,73760.0,51850.0,155.0,3.0,0.001,500.0
1879,1531,2020-07-06,1,42743.0,2020-07-29,23,pack hamster  animal care  n°1,hogar-transporte,accesorios,54200.0,42743.0,114.0,3.0,0.001,500.0
2054,1238,2020-07-06,33,4210965.0,2020-08-19,44,rasguñador torre sky,hogar-transporte,accesorios,163590.0,127605.0,400.0,0.0,0.004,700.0
2174,1507,2020-08-03,1,12413.0,2020-08-21,18,bichon frise (my family),placas identificacion,accesorios,17560.0,12413.0,43.0,0.0,0.004,1100.0
2205,1211,2020-08-03,13,342381.0,2020-08-26,23,wicked flyharness size 4,paseo,accesorios,37900.3,26337.0,79.0,0.0,0.001,750.0
2236,181,2020-08-03,2,21362.0,2020-08-21,18,zd pacco leash small,paseo,accesorios,13900.0,10681.0,29.0,3.0,0.001,600.0
2298,373,2020-08-03,3,48363.0,2020-08-22,19,parka t/5 cata pets,ropa,accesorios,20890.0,16121.0,44.0,0.0,0.001,500.0
2312,284,2020-08-03,13,242580.0,2020-08-25,22,zd volt adj. air mesh harness large,paseo,accesorios,26400.0,18660.0,55.0,0.0,0.001,500.0
2538,1507,2020-08-31,1,12413.0,2020-09-19,19,bichon frise (my family),placas identificacion,accesorios,17560.0,12413.0,43.0,0.0,0.004,1100.0
2560,334,2020-08-31,1,11056.0,2020-09-19,19,capa arnè talla 3 cata pets,ropa,accesorios,15490.0,11056.0,33.0,1.0,0.001,500.0
2568,841,2020-08-31,1,45666.0,2020-09-29,29,catit 2.0 fuente bebedera flor led 3 lt,bebederos,accesorios,61990.0,45666.0,151.0,0.0,0.004,500.0
2603,1629,2020-08-31,2,6436.0,2020-09-18,18,afp modern cat candy,juguetes,accesorios,4290.0,3218.0,9.0,2.0,0.001,500.0
2646,762,2020-08-31,1,17121.0,2020-09-18,18,cuna india chica catapet,camas,accesorios,25790.0,17121.0,63.0,0.0,0.004,1600.0
2882,188,2020-10-05,1,26228.0,2020-10-24,19,zd candy adj. air mesh harness large,paseo,accesorios,34030.0,26228.0,71.0,1.0,0.001,850.0
3445,1763,2020-11-30,15,646245.0,2020-12-23,23,habitrail twist kit,hogar-transporte,accesorios,53990.0,43083.0,114.0,0.0,0.001,500.0
3507,697,2020-11-30,17,1247341.0,2020-12-23,23,pidle place mazuri (baño perrito),higiene,accesorios,111690.0,73373.0,272.0,2.0,0.004,900.0
3580,663,2020-11-30,1,29409.0,2020-12-19,19,baño sanitario grande con cubierta gris,higiene,accesorios,43990.0,29409.0,92.0,2.0,0.001,1150.0
3614,385,2020-11-30,11,188485.0,2020-12-20,20,repelente exteriores perro/gato -500ml,higiene,accesorios,21990.0,17135.0,46.0,0.0,0.001,500.0
3617,1238,2020-11-30,1,127605.0,2020-12-29,29,rasguñador torre sky,hogar-transporte,accesorios,163590.0,127605.0,400.0,0.0,0.004,700.0
3897,436,2021-01-04,1,28363.0,2021-01-27,23,jaula tubby pequenos animales,hogar-transporte,accesorios,35900.0,28363.0,75.0,0.0,0.001,500.0
3927,373,2021-01-04,3,48363.0,2021-01-25,21,parka t/5 cata pets,ropa,accesorios,20890.0,16121.0,44.0,0.0,0.001,500.0
4316,1565,2021-02-01,1,38376.0,2021-02-22,21,catit baño jumbo para gatos,higiene,accesorios,52010.0,38376.0,109.0,0.0,0.001,950.0
4321,133,2021-02-01,2,72376.0,2021-02-20,19,habitat para hamster kleo vip,enriquecimiento ambiental,accesorios,50160.0,36188.0,106.0,0.0,0.001,550.0
4336,498,2021-02-01,20,1355920.0,2021-02-22,21,rasguñador con guarida tigre,hogar-transporte,accesorios,84990.0,67796.0,177.0,2.0,0.001,500.0
4426,1750,2021-02-01,9,61524.0,2021-02-19,18,small bone golden brass (my family),placas identificacion,accesorios,9200.0,6836.0,19.0,1.0,0.001,500.0
4566,1289,2021-03-01,1,59684.0,2021-03-22,21,jaula refugio peq. animales grande,hogar-transporte,accesorios,77330.0,59684.0,188.0,1.0,0.004,2550.0
4587,414,2021-03-01,1,27840.0,2021-03-19,18,habitrail classic kit,hogar-transporte,accesorios,41990.0,27840.0,88.0,1.0,0.001,650.0
4691,281,2021-03-01,2,18408.0,2021-03-21,20,pure comfort blanco 8.2 lt,higiene,accesorios,13990.0,9204.0,29.0,1.0,0.001,500.0
4769,190,2021-03-01,2,22304.0,2021-03-19,18,exo terra filtro int rept clear 150  ,enriquecimiento ambiental,accesorios,13990.0,11152.0,34.0,2.0,0.004,900.0
4811,397,2021-03-01,1,63817.0,2021-03-29,28,jaula cage rabbit 100 grey,hogar-transporte,accesorios,79790.0,63817.0,167.0,2.0,0.001,1200.0
4837,1130,2021-03-01,1,11474.0,2021-03-20,19,zeedog atlanta leash large,paseo,accesorios,16840.0,11474.0,41.0,2.0,0.004,500.0
5013,529,2021-04-05,13,216242.0,2021-04-27,22,zd midnight adjustable air mesh harness medium,paseo,accesorios,23900.0,16634.0,50.0,0.0,0.001,500.0
5055,1694,2021-04-05,1,46574.0,2021-04-23,18,pack hamster animal care n°2,hogar-transporte,accesorios,67340.0,46574.0,164.0,0.0,0.004,600.0
5149,137,2021-04-05,1,8058.0,2021-04-23,18,le salon essentials cepillo combinado sm,grooming,accesorios,11690.0,8058.0,25.0,0.0,0.001,500.0
5212,469,2021-04-05,18,736524.0,2021-04-25,20,jaula bella peq. animalles,hogar-transporte,accesorios,62480.0,40918.0,131.0,0.0,0.001,800.0
5451,721,2021-05-03,2,103700.0,2021-05-23,20,pack conejo animal care,hogar-transporte,accesorios,73760.0,51850.0,155.0,3.0,0.001,500.0
5547,133,2021-05-03,1,36188.0,2021-05-24,21,habitat para hamster kleo vip,enriquecimiento ambiental,accesorios,50160.0,36188.0,106.0,0.0,0.001,550.0
5892,348,2021-05-31,1,28805.0,2021-06-19,19,dreamwell cama rectangular gris/blanco,hogar-transporte,accesorios,39990.0,28805.0,84.0,2.0,0.001,700.0
5944,373,2021-05-31,5,80605.0,2021-06-18,18,parka t/5 cata pets,ropa,accesorios,20890.0,16121.0,44.0,0.0,0.001,500.0
5947,697,2021-05-31,1,73373.0,2021-06-30,30,pidle place mazuri (baño perrito),higiene,accesorios,111690.0,73373.0,272.0,2.0,0.004,900.0
5948,357,2021-05-31,1,17156.0,2021-06-18,18,dreamwell cama donut gris-blanca,hogar-transporte,accesorios,24990.0,17156.0,52.0,0.0,0.001,700.0
6227,394,2021-07-05,1,34877.0,2021-07-23,18,pawise pasto sanitario 43 x 67 cm,higiene,accesorios,45990.0,34877.0,96.0,0.0,0.001,1200.0
6262,210,2021-07-05,1,3379.0,2021-07-23,18,zd bordeau cat collar,paseo,accesorios,4900.0,3379.0,10.0,1.0,0.001,500.0
6288,439,2021-07-05,2,28502.0,2021-07-25,20,zeedog phantom adjustable air mesh harness small,paseo,accesorios,19300.0,14251.0,41.0,0.0,0.001,550.0
6377,6,2021-07-05,8,96224.0,2021-07-23,18,capa arnè talla5 cata pets,ropa,accesorios,17290.0,12028.0,36.0,2.0,0.001,500.0
6407,783,2021-07-05,12,538272.0,2021-07-24,19,jaula cage cavie 80 grey,hogar-transporte,accesorios,62990.0,44856.0,132.0,2.0,0.001,500.0
6449,1416,2021-07-05,1,19517.0,2021-07-23,18,bordeau adj. air mesh harness large,paseo,accesorios,26400.0,19517.0,65.0,0.0,0.004,500.0
6477,463,2021-07-05,14,261982.0,2021-07-27,22,zeus bozal alpha  xl ,paseo,accesorios,27990.0,18713.0,59.0,0.0,0.001,500.0
6700,198,2021-08-02,1,13750.0,2021-08-20,18,planet dog lil snoop royal,juguetes,accesorios,17990.0,13750.0,38.0,1.0,0.001,500.0
6806,373,2021-08-02,2,32242.0,2021-08-20,18,parka t/5 cata pets,ropa,accesorios,20890.0,16121.0,44.0,0.0,0.001,500.0
6807,697,2021-08-02,1,73373.0,2021-08-24,22,pidle place mazuri (baño perrito),higiene,accesorios,111690.0,73373.0,272.0,2.0,0.004,900.0
6809,671,2021-08-02,1,20630.0,2021-08-28,26,bliss adjustable air mesh harness large,paseo,accesorios,31310.0,20630.0,66.0,0.0,0.001,750.0
7150,1694,2021-09-06,2,93148.0,2021-09-25,19,pack hamster animal care n°2,hogar-transporte,accesorios,67340.0,46574.0,164.0,0.0,0.004,600.0
7257,783,2021-09-06,2,89712.0,2021-09-29,23,jaula cage cavie 80 grey,hogar-transporte,accesorios,62990.0,44856.0,132.0,2.0,0.001,500.0
7259,133,2021-09-06,1,36188.0,2021-09-27,21,habitat para hamster kleo vip,enriquecimiento ambiental,accesorios,50160.0,36188.0,106.0,0.0,0.001,550.0
7497,414,2021-10-04,1,27840.0,2021-10-22,18,habitrail classic kit,hogar-transporte,accesorios,41990.0,27840.0,88.0,1.0,0.001,650.0
7512,497,2021-10-04,1,19642.0,2021-10-27,23,ampolleta repti glo 5.0 tropical13 w,enriquecimiento ambiental,accesorios,26990.0,19642.0,57.0,0.0,0.001,650.0
7540,841,2021-10-04,1,45666.0,2021-10-30,26,catit 2.0 fuente bebedera flor led 3 lt,bebederos,accesorios,61990.0,45666.0,151.0,0.0,0.004,500.0
7677,26,2021-10-04,1,3654.0,2021-10-22,18,ratón portagolosina violeta,juguetes,accesorios,4690.0,3654.0,10.0,1.0,0.001,500.0
7692,463,2021-10-04,1,18713.0,2021-10-23,19,zeus bozal alpha  xl ,paseo,accesorios,27990.0,18713.0,59.0,0.0,0.001,500.0
8143,188,2021-12-06,1,26228.0,2021-12-24,18,zd candy adj. air mesh harness large,paseo,accesorios,34030.0,26228.0,71.0,1.0,0.001,850.0
8191,721,2021-12-06,1,51850.0,2021-12-26,20,pack conejo animal care,hogar-transporte,accesorios,73760.0,51850.0,155.0,3.0,0.001,500.0
8193,798,2021-12-06,1,24653.0,2021-12-24,18,jaula cage cavie 60,hogar-transporte,accesorios,36740.0,24653.0,77.0,0.0,0.001,800.0
8272,436,2021-12-06,1,28363.0,2022-01-01,26,jaula tubby pequenos animales,hogar-transporte,accesorios,35900.0,28363.0,75.0,0.0,0.001,500.0
8374,863,2021-12-06,2,9468.0,2021-12-24,18,catlove raton mecanico azul,juguetes,accesorios,6990.0,4734.0,14.0,2.0,0.001,500.0
8376,794,2021-12-06,9,233712.0,2021-12-24,18,habitrail ovo expansion,hogar-transporte,accesorios,33990.0,25968.0,71.0,2.0,0.001,500.0
8596,1702,2022-01-03,3,105234.0,2022-01-21,18,afp chill out mat de enfriamiento large,juguetes,accesorios,49990.0,35078.0,104.0,2.0,0.001,1150.0
8605,1694,2022-01-03,2,93148.0,2022-01-24,21,pack hamster animal care n°2,hogar-transporte,accesorios,67340.0,46574.0,164.0,0.0,0.004,600.0
8615,910,2022-01-03,1,12402.0,2022-01-22,19,arnes de seguridad para auto talla: m,paseo,accesorios,15990.0,12402.0,39.0,0.0,0.004,1000.0
8713,102,2022-01-03,3,15030.0,2022-01-21,18,bozal gato a.doctor,paseo,accesorios,7190.0,5010.0,18.0,1.0,0.004,950.0
8772,1640,2022-01-03,1,31065.0,2022-01-22,19,habitrail kit mini,hogar-transporte,accesorios,40990.0,31065.0,86.0,0.0,0.001,600.0
8839,1437,2022-01-03,1,28340.0,2022-01-28,25,zd violet air-leash,paseo,accesorios,37900.0,28340.0,79.0,1.0,0.001,550.0
9011,921,2022-01-31,1,13145.0,2022-02-19,19,comedero interactivo garra marrón y azúl,juguetes,accesorios,20030.0,13145.0,49.0,0.0,0.004,500.0
9021,1289,2022-01-31,1,59684.0,2022-03-09,37,jaula refugio peq. animales grande,hogar-transporte,accesorios,77330.0,59684.0,188.0,1.0,0.004,2550.0
9284,663,2022-01-31,1,29409.0,2022-02-18,18,baño sanitario grande con cubierta gris,higiene,accesorios,43990.0,29409.0,92.0,2.0,0.001,1150.0
9509,1142,2022-02-28,1,16329.0,2022-03-22,22,afp chill out pista hielo,juguetes,accesorios,24790.0,16329.0,52.0,1.0,0.001,500.0
9571,1492,2022-02-28,1,16092.0,2022-03-18,18,jg air wand con juguete,juguetes,accesorios,24260.0,16092.0,51.0,0.0,0.001,600.0
9585,1684,2022-02-28,3,10167.0,2022-03-18,18,zd midnight cat collar,paseo,accesorios,4900.0,3389.0,10.0,0.0,0.001,500.0
9691,373,2022-02-28,3,48363.0,2022-03-20,20,parka t/5 cata pets,ropa,accesorios,20890.0,16121.0,44.0,0.0,0.001,500.0
9693,133,2022-02-28,3,108564.0,2022-03-19,19,habitat para hamster kleo vip,enriquecimiento ambiental,accesorios,50160.0,36188.0,106.0,0.0,0.001,550.0
9803,878,2022-02-28,1,45258.0,2022-03-22,22,pack huron acare,hogar-transporte,accesorios,65990.0,45258.0,139.0,0.0,0.001,1300.0
9806,295,2022-02-28,1,13047.0,2022-03-18,18,coastal sublime collar cubes l,paseo,accesorios,16990.0,13047.0,36.0,3.0,0.001,500.0
9821,1238,2022-02-28,1,127605.0,2022-04-01,32,rasguñador torre sky,hogar-transporte,accesorios,163590.0,127605.0,400.0,0.0,0.004,700.0
9885,1289,2022-03-14,1,59684.0,2022-04-18,35,jaula refugio peq. animales grande,hogar-transporte,accesorios,77330.0,59684.0,188.0,1.0,0.004,2550.0
10090,1517,2022-04-04,2,49548.0,2022-04-22,18,timothy bungalow m,enriquecimiento ambiental,accesorios,37900.0,24774.0,79.0,0.0,0.001,950.0
10220,125,2022-04-04,2,14438.0,2022-04-23,19,coastal sublime collar teal stripe xs,paseo,accesorios,10490.0,7219.0,26.0,0.0,0.004,850.0
10248,1261,2022-04-04,1,14354.0,2022-04-22,18,coastal lazer brite trailla lime skulls m 1.8m,paseo,accesorios,19590.0,14354.0,47.0,1.0,0.004,800.0
10745,373,2022-05-02,3,48363.0,2022-05-23,21,parka t/5 cata pets,ropa,accesorios,20890.0,16121.0,44.0,0.0,0.001,500.0
11181,1694,2022-06-06,1,46574.0,2022-06-30,24,pack hamster animal care n°2,hogar-transporte,accesorios,67340.0,46574.0,164.0,0.0,0.004,600.0
11190,1531,2022-06-06,1,42743.0,2022-06-25,19,pack hamster  animal care  n°1,hogar-transporte,accesorios,54200.0,42743.0,114.0,3.0,0.001,500.0
11245,668,2022-06-06,1,13255.0,2022-06-24,18,zd midnight leash large,paseo,accesorios,16900.0,13255.0,42.0,4.0,0.004,500.0
11393,295,2022-06-06,1,13047.0,2022-06-25,19,coastal sublime collar cubes l,paseo,accesorios,16990.0,13047.0,36.0,3.0,0.001,500.0
11394,1016,2022-06-06,1,15743.0,2022-06-24,18,zeedog atlanta h-harness large,paseo,accesorios,19830.0,15743.0,42.0,0.0,0.001,750.0
11584,1289,2022-07-04,1,59684.0,2022-07-30,26,jaula refugio peq. animales grande,hogar-transporte,accesorios,77330.0,59684.0,188.0,1.0,0.004,2550.0
11658,841,2022-07-04,1,45666.0,2022-07-24,20,catit 2.0 fuente bebedera flor led 3 lt,bebederos,accesorios,61990.0,45666.0,151.0,0.0,0.004,500.0
11749,281,2022-07-04,3,27612.0,2022-07-23,19,pure comfort blanco 8.2 lt,higiene,accesorios,13990.0,9204.0,29.0,1.0,0.001,500.0
11820,1681,2022-07-04,2,66664.0,2022-07-23,19,zd army green adjustable air mesh harness medium,paseo,accesorios,47400.0,33332.0,115.0,2.0,0.004,500.0
11895,1437,2022-07-04,2,56680.0,2022-07-24,20,zd violet air-leash,paseo,accesorios,37900.0,28340.0,79.0,1.0,0.001,550.0
12261,137,2022-08-01,2,16116.0,2022-08-20,19,le salon essentials cepillo combinado sm,grooming,accesorios,11690.0,8058.0,25.0,0.0,0.001,500.0
12278,357,2022-08-01,1,17156.0,2022-08-19,18,dreamwell cama donut gris-blanca,hogar-transporte,accesorios,24990.0,17156.0,52.0,0.0,0.001,700.0
12359,384,2022-08-01,1,65775.0,2022-09-01,31,pack cuy  animal care,hogar-transporte,accesorios,84160.0,65775.0,176.0,0.0,0.001,1950.0
12403,1238,2022-08-01,1,127605.0,2022-08-30,29,rasguñador torre sky,hogar-transporte,accesorios,163590.0,127605.0,400.0,0.0,0.004,700.0
12727,457,2022-09-05,1,10151.0,2022-09-24,19,pawise arnes y cinturon de seguridad l,paseo,accesorios,14990.0,10151.0,31.0,1.0,0.001,500.0
12744,755,2022-09-05,1,37368.0,2022-10-01,26,jaula refugio hamster m,hogar-transporte,accesorios,49270.0,37368.0,121.0,0.0,0.004,500.0
12795,922,2022-09-05,1,7998.0,2022-09-23,18,big bone pink,placas identificacion,accesorios,10900.0,7998.0,22.0,0.0,0.001,500.0
13117,575,2022-10-03,1,9604.0,2022-10-23,20,capa arnè talla 2 cata pets,ropa,accesorios,14480.0,9604.0,35.0,0.0,0.004,600.0
13196,1057,2022-10-03,2,56104.0,2022-10-26,23,dreamwell cama rectangular gris/blanco,camas,accesorios,39990.0,28052.0,84.0,0.0,0.001,850.0
13369,469,2022-10-03,1,40918.0,2022-10-21,18,jaula bella peq. animalles,hogar-transporte,accesorios,62480.0,40918.0,131.0,0.0,0.001,800.0
13955,721,2022-12-05,1,51850.0,2022-12-29,24,pack conejo animal care,hogar-transporte,accesorios,73760.0,51850.0,155.0,3.0,0.001,500.0
14102,133,2022-12-05,2,72376.0,2022-12-23,18,habitat para hamster kleo vip,enriquecimiento ambiental,accesorios,50160.0,36188.0,106.0,0.0,0.001,550.0
14155,8,2022-12-05,1,6107.0,2022-12-23,18,arnes nacional grande a. doctor,paseo,accesorios,8190.0,6107.0,21.0,0.0,0.004,950.0
14199,1390,2022-12-05,1,8564.0,2022-12-24,19,zeedog ella collar medium,paseo,accesorios,10900.0,8564.0,26.0,0.0,0.004,1350.0
14388,591,2023-01-02,1,11395.0,2023-01-21,19,zd midnight h-harness medium,paseo,accesorios,16900.0,11395.0,42.0,2.0,0.004,1050.0
14410,1418,2023-01-02,1,12646.0,2023-01-20,18,zeedog tarot adjustable air mesh harness small,paseo,accesorios,19300.0,12646.0,47.0,2.0,0.004,1200.0
14552,988,2023-01-02,1,6138.0,2023-01-20,18,zeus nosh hueso flex cachorro sabor pollo m,juguetes,accesorios,8990.0,6138.0,19.0,2.0,0.001,500.0
14591,133,2023-01-02,3,108564.0,2023-01-22,20,habitat para hamster kleo vip,enriquecimiento ambiental,accesorios,50160.0,36188.0,106.0,0.0,0.001,550.0
14953,1319,2023-02-06,1,29637.0,2023-02-24,18,zd cali dos air-leash,paseo,accesorios,37900.0,29637.0,79.0,1.0,0.001,1200.0
14996,1694,2023-02-06,2,93148.0,2023-02-25,19,pack hamster animal care n°2,hogar-transporte,accesorios,67340.0,46574.0,164.0,0.0,0.004,600.0
15030,363,2023-02-06,1,18982.0,2023-02-24,18,daily stuff transportadora route 2,hogar-transporte,accesorios,25990.0,18982.0,54.0,3.0,0.001,500.0
15123,357,2023-02-06,2,34312.0,2023-02-24,18,dreamwell cama donut gris-blanca,hogar-transporte,accesorios,24990.0,17156.0,52.0,0.0,0.001,700.0
15435,497,2023-03-06,2,39284.0,2023-03-28,22,ampolleta repti glo 5.0 tropical13 w,enriquecimiento ambiental,accesorios,26990.0,19642.0,57.0,0.0,0.001,650.0
15464,1492,2023-03-06,1,16092.0,2023-03-27,21,jg air wand con juguete,juguetes,accesorios,24260.0,16092.0,51.0,0.0,0.001,600.0
15520,1763,2023-03-06,1,43083.0,2023-03-29,23,habitrail twist kit,hogar-transporte,accesorios,53990.0,43083.0,114.0,0.0,0.001,500.0
15547,242,2023-03-06,1,31858.0,2023-03-31,25,coastal k9 explorer arnes acolchado zafiro l,paseo,accesorios,39990.0,31858.0,98.0,1.0,0.004,1900.0
15649,219,2023-03-06,1,28262.0,2023-03-24,18,light blue glam paw (my family),placas identificacion,accesorios,36060.0,28262.0,89.0,1.0,0.004,1150.0
15943,1694,2023-04-03,1,46574.0,2023-04-25,22,pack hamster animal care n°2,hogar-transporte,accesorios,67340.0,46574.0,164.0,0.0,0.004,600.0
15968,1057,2023-04-03,1,28052.0,2023-04-22,19,dreamwell cama rectangular gris/blanco,camas,accesorios,39990.0,28052.0,84.0,0.0,0.001,850.0
16000,1763,2023-04-03,1,43083.0,2023-04-21,18,habitrail twist kit,hogar-transporte,accesorios,53990.0,43083.0,114.0,0.0,0.001,500.0
16033,242,2023-04-03,1,31858.0,2023-04-24,21,coastal k9 explorer arnes acolchado zafiro l,paseo,accesorios,39990.0,31858.0,98.0,1.0,0.004,1900.0
16038,281,2023-04-03,1,9204.0,2023-04-22,19,pure comfort blanco 8.2 lt,higiene,accesorios,13990.0,9204.0,29.0,1.0,0.001,500.0
16065,137,2023-04-03,2,16116.0,2023-04-21,18,le salon essentials cepillo combinado sm,grooming,accesorios,11690.0,8058.0,25.0,0.0,0.001,500.0
16091,133,2023-04-03,1,36188.0,2023-04-22,19,habitat para hamster kleo vip,enriquecimiento ambiental,accesorios,50160.0,36188.0,106.0,0.0,0.001,550.0
16160,1723,2023-04-03,1,15864.0,2023-04-21,18,zd army green ruff leash large,paseo,accesorios,23900.0,15864.0,50.0,3.0,0.001,500.0
16469,1694,2023-05-01,1,46574.0,2023-05-25,24,pack hamster animal care n°2,hogar-transporte,accesorios,67340.0,46574.0,164.0,0.0,0.004,600.0
16478,1492,2023-05-01,1,16092.0,2023-05-21,20,jg air wand con juguete,juguetes,accesorios,24260.0,16092.0,51.0,0.0,0.001,600.0
16514,741,2023-05-01,1,16769.0,2023-05-22,21,fp atlas 20 / transportadora 58x37x32h cm,hogar-transporte,accesorios,25070.0,16769.0,52.0,0.0,0.001,800.0
16525,1368,2023-05-01,1,55928.0,2023-05-27,26,habitrail ovo mini,hogar-transporte,accesorios,69990.0,55928.0,171.0,0.0,0.004,500.0
16605,671,2023-05-01,1,20630.0,2023-05-19,18,bliss adjustable air mesh harness large,paseo,accesorios,31310.0,20630.0,66.0,0.0,0.001,750.0
16722,1238,2023-05-01,1,127605.0,2023-06-21,51,rasguñador torre sky,hogar-transporte,accesorios,163590.0,127605.0,400.0,0.0,0.004,700.0
17036,198,2023-06-05,1,13750.0,2023-06-25,20,planet dog lil snoop royal,juguetes,accesorios,17990.0,13750.0,38.0,1.0,0.001,500.0
17039,1176,2023-06-05,1,32247.0,2023-06-30,25,mazuri tubo huron,enriquecimiento ambiental,accesorios,43890.0,32247.0,107.0,0.0,0.004,2200.0
17064,1049,2023-06-05,1,52658.0,2023-06-26,21,habitrail ovo suite,hogar-transporte,accesorios,69990.0,52658.0,171.0,1.0,0.004,2400.0
17488,1100,2023-07-03,2,39132.0,2023-07-21,18,zd smash adjustable air mesh harness large,paseo,accesorios,26400.0,19566.0,55.0,0.0,0.001,500.0
17500,721,2023-07-03,2,103700.0,2023-07-25,22,pack conejo animal care,hogar-transporte,accesorios,73760.0,51850.0,155.0,3.0,0.001,500.0
17504,1531,2023-07-03,1,42743.0,2023-07-22,19,pack hamster  animal care  n°1,hogar-transporte,accesorios,54200.0,42743.0,114.0,3.0,0.001,500.0
17658,133,2023-07-03,1,36188.0,2023-07-24,21,habitat para hamster kleo vip,enriquecimiento ambiental,accesorios,50160.0,36188.0,106.0,0.0,0.001,550.0
17988,414,2023-07-31,1,27840.0,2023-08-20,20,habitrail classic kit,hogar-transporte,accesorios,41990.0,27840.0,88.0,1.0,0.001,650.0
18011,820,2023-07-31,1,11295.0,2023-08-18,18,coastal sublime collar diamond l,paseo,accesorios,16990.0,11295.0,36.0,2.0,0.001,500.0
18024,721,2023-07-31,1,51850.0,2023-08-19,19,pack conejo animal care,hogar-transporte,accesorios,73760.0,51850.0,155.0,3.0,0.001,500.0
18029,1492,2023-07-31,1,16092.0,2023-08-21,21,jg air wand con juguete,juguetes,accesorios,24260.0,16092.0,51.0,0.0,0.001,600.0
18096,516,2023-07-31,1,10187.0,2023-08-18,18,planet dog zanahoria,juguetes,accesorios,14990.0,10187.0,31.0,1.0,0.001,500.0
18116,1627,2023-07-31,1,7361.0,2023-08-19,19,coastal sublime collar yellow xs,paseo,accesorios,10490.0,7361.0,22.0,0.0,0.001,500.0
18235,1723,2023-07-31,1,15864.0,2023-08-18,18,zd army green ruff leash large,paseo,accesorios,23900.0,15864.0,50.0,3.0,0.001,500.0
18563,351,2023-09-04,1,13209.0,2023-09-23,19,white persian  (my family),placas identificacion,accesorios,17560.0,13209.0,43.0,1.0,0.004,1050.0
18578,752,2023-09-04,3,9063.0,2023-09-22,18,collar gato brillantes a.doct.,paseo,accesorios,3950.0,3021.0,9.0,5.0,0.001,500.0
18597,1176,2023-09-04,1,32247.0,2023-09-24,20,mazuri tubo huron,enriquecimiento ambiental,accesorios,43890.0,32247.0,107.0,0.0,0.004,2200.0
18773,320,2023-09-04,1,43250.0,2023-09-22,18,pack michi,adultos,accesorios,57990.0,43250.0,121.0,2.0,0.001,500.0
18811,854,2023-09-04,1,12157.0,2023-09-23,19,bliss leash large,paseo,accesorios,16900.0,12157.0,42.0,0.0,0.004,650.0
18846,1238,2023-09-04,1,127605.0,2023-10-08,34,rasguñador torre sky,hogar-transporte,accesorios,163590.0,127605.0,400.0,0.0,0.004,700.0
19027,1322,2023-10-02,1,4737.0,2023-10-20,18,zeus nosh hueso duro sabor tocino s,juguetes,accesorios,6490.0,4737.0,13.0,1.0,0.001,500.0
19052,1595,2023-10-02,1,2967.0,2023-10-20,18,zeus collar ajustable  s  coral,paseo,accesorios,4190.0,2967.0,9.0,0.0,0.001,500.0
19144,126,2023-10-02,1,11585.0,2023-10-21,19,afp treat hider perro,juguetes,accesorios,15590.0,11585.0,33.0,0.0,0.001,500.0
19189,665,2023-10-02,1,18185.0,2023-10-22,20,zeedog maze adjustable air mesh harness medium,paseo,accesorios,23900.0,18185.0,50.0,1.0,0.001,500.0
19232,133,2023-10-02,4,144752.0,2023-10-27,25,habitat para hamster kleo vip,enriquecimiento ambiental,accesorios,50160.0,36188.0,106.0,0.0,0.001,550.0
19284,190,2023-10-02,1,11152.0,2023-10-20,18,exo terra filtro int rept clear 150  ,enriquecimiento ambiental,accesorios,13990.0,11152.0,34.0,2.0,0.004,900.0
19572,414,2023-11-06,2,55680.0,2023-11-24,18,habitrail classic kit,hogar-transporte,accesorios,41990.0,27840.0,88.0,1.0,0.001,650.0
19578,1023,2023-11-06,1,22187.0,2023-11-28,22,daily stuff cama nido estilo garra,camas,accesorios,29990.0,22187.0,74.0,3.0,0.004,500.0
19599,721,2023-11-06,1,51850.0,2023-11-28,22,pack conejo animal care,hogar-transporte,accesorios,73760.0,51850.0,155.0,3.0,0.001,500.0
19655,1735,2023-11-06,1,18444.0,2023-11-24,18,zd neon coral adjustable air mesh harness small,paseo,accesorios,24880.0,18444.0,52.0,1.0,0.001,500.0
19726,498,2023-11-06,2,135592.0,2023-11-28,22,rasguñador con guarida tigre,hogar-transporte,accesorios,84990.0,67796.0,177.0,2.0,0.001,500.0
19727,284,2023-11-06,1,18660.0,2023-11-27,21,zd volt adj. air mesh harness large,paseo,accesorios,26400.0,18660.0,55.0,0.0,0.001,500.0
19764,854,2023-11-06,1,12157.0,2023-11-25,19,bliss leash large,paseo,accesorios,16900.0,12157.0,42.0,0.0,0.004,650.0
20047,1531,2023-12-04,1,42743.0,2023-12-26,22,pack hamster  animal care  n°1,hogar-transporte,accesorios,54200.0,42743.0,114.0,3.0,0.001,500.0
20177,235,2023-12-04,1,20265.0,2023-12-25,21,zd artsy adjustable air mesh harness large,paseo,accesorios,26400.0,20265.0,55.0,1.0,0.001,500.0
20247,1681,2023-12-04,1,33332.0,2023-12-26,22,zd army green adjustable air mesh harness medium,paseo,accesorios,47400.0,33332.0,115.0,2.0,0.004,500.0
20274,186,2023-12-04,1,12015.0,2023-12-23,19,rueda de erizo/roedor,enriquecimiento ambiental,accesorios,17290.0,12015.0,36.0,1.0,0.001,500.0
20283,384,2023-12-04,1,65775.0,2023-12-22,18,pack cuy  animal care,hogar-transporte,accesorios,84160.0,65775.0,176.0,0.0,0.001,1950.0
20515,414,2024-01-01,4,111360.0,2024-01-22,21,habitrail classic kit,hogar-transporte,accesorios,41990.0,27840.0,88.0,1.0,0.001,650.0
20567,1531,2024-01-01,1,42743.0,2024-01-19,18,pack hamster  animal care  n°1,hogar-transporte,accesorios,54200.0,42743.0,114.0,3.0,0.001,500.0
20657,436,2024-01-01,2,56726.0,2024-01-21,20,jaula tubby pequenos animales,hogar-transporte,accesorios,35900.0,28363.0,75.0,0.0,0.001,500.0
20780,219,2024-01-01,1,28262.0,2024-01-22,21,light blue glam paw (my family),placas identificacion,accesorios,36060.0,28262.0,89.0,1.0,0.004,1150.0
20784,663,2024-01-01,1,29409.0,2024-01-19,18,baño sanitario grande con cubierta gris,higiene,accesorios,43990.0,29409.0,92.0,2.0,0.001,1150.0
21061,414,2024-02-05,2,55680.0,2024-02-26,21,habitrail classic kit,hogar-transporte,accesorios,41990.0,27840.0,88.0,1.0,0.001,650.0
21111,1211,2024-02-05,1,26337.0,2024-02-27,22,wicked flyharness size 4,paseo,accesorios,37900.3,26337.0,79.0,0.0,0.001,750.0
21140,48,2024-02-05,1,14598.0,2024-02-24,19,coastal sublime trailla cubes/purple,paseo,accesorios,19590.0,14598.0,41.0,1.0,0.001,500.0
21226,783,2024-02-05,1,44856.0,2024-02-27,22,jaula cage cavie 80 grey,hogar-transporte,accesorios,62990.0,44856.0,132.0,2.0,0.001,500.0
21254,431,2024-02-05,1,9777.0,2024-02-24,19,zeus arnes fig h l grafito,paseo,accesorios,13590.0,9777.0,28.0,1.0,0.001,500.0
21278,17,2024-02-05,1,15375.0,2024-02-23,18,"planet dog planet ball azul/verde ""l""",juguetes,accesorios,22990.0,15375.0,57.0,1.0,0.004,550.0
21576,198,2024-03-04,1,13750.0,2024-03-24,20,planet dog lil snoop royal,juguetes,accesorios,17990.0,13750.0,38.0,1.0,0.001,500.0
21597,1157,2024-03-04,2,48332.0,2024-03-22,18,cama chiporro xl catapet,camas,accesorios,31990.0,24166.0,67.0,0.0,0.001,500.0
21605,1049,2024-03-04,1,52658.0,2024-03-23,19,habitrail ovo suite,hogar-transporte,accesorios,69990.0,52658.0,171.0,1.0,0.004,2400.0
21617,1368,2024-03-04,1,55928.0,2024-03-23,19,habitrail ovo mini,hogar-transporte,accesorios,69990.0,55928.0,171.0,0.0,0.004,500.0
21631,1249,2024-03-04,1,17742.0,2024-03-24,20,zeedog mahalo adjustable air mesh harness medium,paseo,accesorios,23900.0,17742.0,50.0,2.0,0.001,650.0
21763,469,2024-03-04,1,40918.0,2024-04-05,32,jaula bella peq. animalles,hogar-transporte,accesorios,62480.0,40918.0,131.0,0.0,0.001,800.0
4,1706,2020-01-06,26,867204.0,2020-01-26,20,pro plan adulto optihealth r/m 15 kg,adultos,alimento,49500.0,33354.0,149.0,0.0,0.015,3850.0
40,1678,2020-01-13,19,1203175.0,2020-02-10,28,royal can. urinary canine 10 kg.,medicados,alimento,93370.0,63325.0,282.0,0.0,0.015,1850.0
47,999,2020-01-20,26,882804.0,2020-02-07,18,proplan puppy optis. large br. 15 kg.,cachorros,alimento,49900.0,33954.0,150.0,4.0,0.015,4200.0
67,1556,2020-01-27,1,12690.0,2020-02-15,19,amity sp low grain salmon adult 4 kg,adultos,alimento,18990.0,12690.0,57.0,0.0,0.015,1700.0
77,1734,2020-01-27,4,5944.0,2020-02-14,18,bravery atún y vegetales alimento húmedo,humedo,alimento,1990.0,1486.0,6.0,8.0,0.015,4050.0
130,1476,2020-02-03,1,32439.0,2020-02-23,20,bravery chicken adult cat 7 kg,adultos,alimento,44990.0,32439.0,136.0,0.0,0.015,4850.0
306,709,2020-02-03,1,48161.0,2020-02-25,22,bravery salmon adult large/medium breed 12 kg,adultos,alimento,60990.0,48161.0,183.0,4.0,0.015,5300.0
345,1510,2020-02-10,14,527198.0,2020-03-02,21,bravery salmon adult cat 7 kg,adultos,alimento,47990.0,37657.0,145.0,1.0,0.015,1050.0
356,1272,2020-02-10,2,68952.0,2020-03-01,20,brit care duck endurance 12 kg,adultos,alimento,50900.0,34476.0,154.0,2.0,0.015,1800.0
361,279,2020-02-10,4,58389.33333333335,2020-02-28,18,bravery light iberian pork mini adult small breeds 2 kg,adultos,alimento,16990.0,12512.0,52.0,1.0,0.015,2650.0
362,648,2020-02-10,20,363200.0,2020-02-28,18,monge mini adult chicken de 3 kg,adultos,alimento,25990.0,18160.0,78.0,4.0,0.015,1700.0
385,1734,2020-02-17,27,40122.0,2020-03-10,22,bravery atún y vegetales alimento húmedo,humedo,alimento,1990.0,1486.0,6.0,8.0,0.015,4050.0
411,1678,2020-02-24,1,63325.0,2020-03-19,24,royal can. urinary canine 10 kg.,medicados,alimento,93370.0,63325.0,282.0,0.0,0.015,1850.0
506,1621,2020-03-02,12,217440.0,2020-03-23,21,brit care puppy l&r 3 kg,cachorros,alimento,23900.0,18120.0,72.0,0.0,0.015,1800.0
642,709,2020-03-02,2,96322.0,2020-03-23,21,bravery salmon adult large/medium breed 12 kg,adultos,alimento,60990.0,48161.0,183.0,4.0,0.015,5300.0
729,1476,2020-03-23,10,348719.25,2020-04-17,25,bravery chicken adult cat 7 kg,adultos,alimento,44990.0,32439.0,136.0,0.0,0.015,4850.0
736,1621,2020-03-23,2,36240.0,2020-04-12,20,brit care puppy l&r 3 kg,cachorros,alimento,23900.0,18120.0,72.0,0.0,0.015,1800.0
755,485,2020-03-30,20,1224180.0,2020-05-04,35,royal can. hepatic canine 10 kg.,medicados,alimento,91930.0,61209.0,277.0,0.0,0.015,500.0
758,629,2020-03-30,8,478272.5333333331,2020-04-19,20,eukanuba adulto large breed 15 kg,adultos,alimento,82410.0,58804.0,249.0,3.0,0.015,3400.0
984,709,2020-04-06,8,409368.5,2020-04-25,19,bravery salmon adult large/medium breed 12 kg,adultos,alimento,60990.0,48161.0,183.0,4.0,0.015,5300.0
1027,279,2020-04-13,4,50048.0,2020-05-02,19,bravery light iberian pork mini adult small breeds 2 kg,adultos,alimento,16990.0,12512.0,52.0,1.0,0.015,2650.0
1037,1476,2020-04-20,13,449280.1499999999,2020-05-11,21,bravery chicken adult cat 7 kg,adultos,alimento,44990.0,32439.0,136.0,0.0,0.015,4850.0
1051,1734,2020-04-20,7,10402.0,2020-05-08,18,bravery atún y vegetales alimento húmedo,humedo,alimento,1990.0,1486.0,6.0,8.0,0.015,4050.0
1173,629,2020-05-04,3,229615.61904761885,2020-05-25,21,eukanuba adulto large breed 15 kg,adultos,alimento,82410.0,58804.0,249.0,3.0,0.015,3400.0
1375,1272,2020-05-11,1,34476.0,2020-05-29,18,brit care duck endurance 12 kg,adultos,alimento,50900.0,34476.0,154.0,2.0,0.015,1800.0
1426,1476,2020-05-25,2,86503.99999999993,2020-06-14,20,bravery chicken adult cat 7 kg,adultos,alimento,44990.0,32439.0,136.0,0.0,0.015,4850.0
1428,596,2020-05-25,1,106512.0000000001,2020-06-23,29,royal canin maxi adulto 15 kg,adultos,alimento,85410.0,66570.0,257.0,3.0,0.015,3000.0
1541,629,2020-06-01,6,355274.16666666674,2020-06-30,29,eukanuba adulto large breed 15 kg,adultos,alimento,82410.0,58804.0,249.0,3.0,0.015,3400.0
1745,534,2020-06-15,10,45802.66666666667,2020-07-03,18,belcando búfalo de agua 400 gr,humedo,alimento,5590.0,4294.0,18.0,0.0,0.015,650.0
1748,1476,2020-06-15,6,194634.0,2020-07-07,22,bravery chicken adult cat 7 kg,adultos,alimento,44990.0,32439.0,136.0,0.0,0.015,4850.0
1778,1510,2020-06-22,21,790797.0,2020-07-10,18,bravery salmon adult cat 7 kg,adultos,alimento,47990.0,37657.0,145.0,1.0,0.015,1050.0
1792,709,2020-06-22,9,457529.5,2020-07-13,21,bravery salmon adult large/medium breed 12 kg,adultos,alimento,60990.0,48161.0,183.0,4.0,0.015,5300.0
2037,1698,2020-07-06,14,811986.0,2020-07-24,18,brit care sensitive venison & potato 12 kg,adultos,alimento,74990.0,57999.0,226.0,0.0,0.015,2550.0
2058,1225,2020-07-13,4,112680.0,2020-08-06,24,bravery light iberian pork mini adult small breeds 7 kg,weight control,alimento,43320.0,28170.0,131.0,0.0,0.015,4350.0
2061,1476,2020-07-13,11,356829.0,2020-08-08,26,bravery chicken adult cat 7 kg,adultos,alimento,44990.0,32439.0,136.0,0.0,0.015,4850.0
2079,1678,2020-07-13,1,63325.0,2020-08-07,25,royal can. urinary canine 10 kg.,medicados,alimento,93370.0,63325.0,282.0,0.0,0.015,1850.0
2116,629,2020-07-27,14,858538.3999999999,2020-08-24,28,eukanuba adulto large breed 15 kg,adultos,alimento,82410.0,58804.0,249.0,3.0,0.015,3400.0
2434,1678,2020-08-10,58,3672850.0,2020-09-03,24,royal can. urinary canine 10 kg.,medicados,alimento,93370.0,63325.0,282.0,0.0,0.015,1850.0
2446,1734,2020-08-17,9,14562.799999999996,2020-09-04,18,bravery atún y vegetales alimento húmedo,humedo,alimento,1990.0,1486.0,6.0,8.0,0.015,4050.0
2456,709,2020-08-17,2,96322.0,2020-09-04,18,bravery salmon adult large/medium breed 12 kg,adultos,alimento,60990.0,48161.0,183.0,4.0,0.015,5300.0
2468,1476,2020-08-24,5,171926.7,2020-09-17,24,bravery chicken adult cat 7 kg,adultos,alimento,44990.0,32439.0,136.0,0.0,0.015,4850.0
2474,1621,2020-08-24,6,108720.0,2020-09-11,18,brit care puppy l&r 3 kg,cachorros,alimento,23900.0,18120.0,72.0,0.0,0.015,1800.0
2489,1698,2020-08-24,5,289995.0,2020-09-17,24,brit care sensitive venison & potato 12 kg,adultos,alimento,74990.0,57999.0,226.0,0.0,0.015,2550.0
2804,171,2020-09-14,3,71115.0,2020-10-04,20,pro plan puppy optistart small breed 7.5 kg.,cachorros,alimento,32900.0,23705.0,100.0,1.0,0.015,4150.0
2827,999,2020-09-21,7,260313.9999999999,2020-10-09,18,proplan puppy optis. large br. 15 kg.,cachorros,alimento,49900.0,33954.0,150.0,4.0,0.015,4200.0
2828,629,2020-09-21,7,427309.0666666666,2020-10-26,35,eukanuba adulto large breed 15 kg,adultos,alimento,82410.0,58804.0,249.0,3.0,0.015,3400.0
2829,1621,2020-09-21,13,235560.0,2020-10-13,22,brit care puppy l&r 3 kg,cachorros,alimento,23900.0,18120.0,72.0,0.0,0.015,1800.0
2848,1698,2020-09-21,1,57999.0,2020-10-09,18,brit care sensitive venison & potato 12 kg,adultos,alimento,74990.0,57999.0,226.0,0.0,0.015,2550.0
3052,1308,2020-10-05,18,786701.6666666666,2020-10-31,26,brit care adulto large salmon & potato 12 kg,adultos,alimento,62990.0,42911.0,190.0,2.0,0.015,5000.0
3163,1529,2020-10-12,1,34041.0,2020-11-02,21,bravery salmon adult cat sterilized 7 kg,adultos,alimento,49990.0,34041.0,150.0,0.0,0.015,2250.0
3166,1698,2020-10-12,3,173997.0,2020-11-07,26,brit care sensitive venison & potato 12 kg,adultos,alimento,74990.0,57999.0,226.0,0.0,0.015,2550.0
3171,534,2020-10-19,4,17176.0,2020-11-06,18,belcando búfalo de agua 400 gr,humedo,alimento,5590.0,4294.0,18.0,0.0,0.015,650.0
3177,419,2020-10-19,2,85286.0,2020-11-08,20,brit care weight loss rabbit 12 kg,weight control,alimento,63990.0,42643.0,193.0,4.0,0.015,1850.0
3186,1272,2020-10-19,0,17238.0,2020-11-07,19,brit care duck endurance 12 kg,adultos,alimento,50900.0,34476.0,154.0,2.0,0.015,1800.0
3198,642,2020-10-19,15,670860.0,2020-11-10,22,proplan active mind rz mediana y grande 15kg,senior,alimento,56900.0,44724.0,172.0,0.0,0.015,5700.0
3211,629,2020-10-26,13,787973.6000000001,2020-11-26,31,eukanuba adulto large breed 15 kg,adultos,alimento,82410.0,58804.0,249.0,3.0,0.015,3400.0
3234,1476,2020-11-02,6,205446.99999999985,2020-11-23,21,bravery chicken adult cat 7 kg,adultos,alimento,44990.0,32439.0,136.0,0.0,0.015,4850.0
3246,1529,2020-11-02,5,170205.0,2020-11-21,19,bravery salmon adult cat sterilized 7 kg,adultos,alimento,49990.0,34041.0,150.0,0.0,0.015,2250.0
3270,1308,2020-11-09,2,114429.3333333334,2020-12-04,25,brit care adulto large salmon & potato 12 kg,adultos,alimento,62990.0,42911.0,190.0,2.0,0.015,5000.0
3318,483,2020-11-23,4,145160.0,2020-12-12,19,royal canin mini adulto  8 kg fr,adultos,alimento,48960.0,36290.0,147.0,1.0,0.015,500.0
3341,1698,2020-11-23,14,831318.9999999999,2020-12-13,20,brit care sensitive venison & potato 12 kg,adultos,alimento,74990.0,57999.0,226.0,0.0,0.015,2550.0
3433,629,2020-11-30,21,1270166.4,2020-12-23,23,eukanuba adulto large breed 15 kg,adultos,alimento,82410.0,58804.0,249.0,3.0,0.015,3400.0
3628,1476,2020-12-07,5,162195.0,2020-12-25,18,bravery chicken adult cat 7 kg,adultos,alimento,44990.0,32439.0,136.0,0.0,0.015,4850.0
3636,1621,2020-12-07,2,36240.0,2020-12-27,20,brit care puppy l&r 3 kg,cachorros,alimento,23900.0,18120.0,72.0,0.0,0.015,1800.0
3665,483,2020-12-14,5,181450.0,2021-01-01,18,royal canin mini adulto  8 kg fr,adultos,alimento,48960.0,36290.0,147.0,1.0,0.015,500.0
3722,1529,2020-12-21,2,68082.0,2021-01-08,18,bravery salmon adult cat sterilized 7 kg,adultos,alimento,49990.0,34041.0,150.0,0.0,0.015,2250.0
3744,419,2020-12-28,2,85286.0,2021-01-20,23,brit care weight loss rabbit 12 kg,weight control,alimento,63990.0,42643.0,193.0,4.0,0.015,1850.0
3757,279,2020-12-28,3,37536.0,2021-01-15,18,bravery light iberian pork mini adult small breeds 2 kg,adultos,alimento,16990.0,12512.0,52.0,1.0,0.015,2650.0
3759,1462,2020-12-28,18,379872.0,2021-01-15,18,pro plan reduce calorie sml brd 3kg ar,adultos,alimento,29550.0,21104.0,90.0,0.0,0.015,500.0
4045,1510,2021-01-11,1,50209.333333333154,2021-02-05,25,bravery salmon adult cat 7 kg,adultos,alimento,47990.0,37657.0,145.0,1.0,0.015,1050.0
4073,1529,2021-01-11,10,340410.0,2021-02-03,23,bravery salmon adult cat sterilized 7 kg,adultos,alimento,49990.0,34041.0,150.0,0.0,0.015,2250.0
4088,483,2021-01-18,7,254030.0,2021-02-05,18,royal canin mini adulto  8 kg fr,adultos,alimento,48960.0,36290.0,147.0,1.0,0.015,500.0
4110,279,2021-01-18,5,62560.0,2021-02-07,20,bravery light iberian pork mini adult small breeds 2 kg,adultos,alimento,16990.0,12512.0,52.0,1.0,0.015,2650.0
4124,1476,2021-01-25,1,32439.0,2021-02-12,18,bravery chicken adult cat 7 kg,adultos,alimento,44990.0,32439.0,136.0,0.0,0.015,4850.0
4156,709,2021-01-25,8,423816.8000000001,2021-02-21,27,bravery salmon adult large/medium breed 12 kg,adultos,alimento,60990.0,48161.0,183.0,4.0,0.015,5300.0
4160,1698,2021-01-25,3,173997.0,2021-02-18,24,brit care sensitive venison & potato 12 kg,adultos,alimento,74990.0,57999.0,226.0,0.0,0.015,2550.0
4289,1734,2021-02-01,15,22290.0,2021-02-19,18,bravery atún y vegetales alimento húmedo,humedo,alimento,1990.0,1486.0,6.0,8.0,0.015,4050.0
4447,534,2021-02-08,1,6441.0,2021-02-28,20,belcando búfalo de agua 400 gr,humedo,alimento,5590.0,4294.0,18.0,0.0,0.015,650.0
4457,483,2021-02-08,6,217740.0,2021-02-28,20,royal canin mini adulto  8 kg fr,adultos,alimento,48960.0,36290.0,147.0,1.0,0.015,500.0
4494,1476,2021-02-15,4,129756.0,2021-03-13,26,bravery chicken adult cat 7 kg,adultos,alimento,44990.0,32439.0,136.0,0.0,0.015,4850.0
4803,1529,2021-03-01,4,136164.0,2021-03-20,19,bravery salmon adult cat sterilized 7 kg,adultos,alimento,49990.0,34041.0,150.0,0.0,0.015,2250.0
4812,642,2021-03-01,6,268344.0,2021-03-21,20,proplan active mind rz mediana y grande 15kg,senior,alimento,56900.0,44724.0,172.0,0.0,0.015,5700.0
4846,596,2021-03-08,0,13314.00000000019,2021-04-10,33,royal canin maxi adulto 15 kg,adultos,alimento,85410.0,66570.0,257.0,3.0,0.015,3000.0
4853,629,2021-03-08,10,599800.7999999999,2021-04-10,33,eukanuba adulto large breed 15 kg,adultos,alimento,82410.0,58804.0,249.0,3.0,0.015,3400.0
4888,1476,2021-03-15,14,454146.0,2021-04-03,19,bravery chicken adult cat 7 kg,adultos,alimento,44990.0,32439.0,136.0,0.0,0.015,4850.0
4917,1462,2021-03-15,3,70346.66666666664,2021-04-03,19,pro plan reduce calorie sml brd 3kg ar,adultos,alimento,29550.0,21104.0,90.0,0.0,0.015,500.0
4933,1510,2021-03-22,13,489541.0,2021-04-13,22,bravery salmon adult cat 7 kg,adultos,alimento,47990.0,37657.0,145.0,1.0,0.015,1050.0
4959,709,2021-03-22,7,337127.0,2021-04-19,28,bravery salmon adult large/medium breed 12 kg,adultos,alimento,60990.0,48161.0,183.0,4.0,0.015,5300.0
5051,1556,2021-04-05,0,8460.000000000015,2021-04-23,18,amity sp low grain salmon adult 4 kg,adultos,alimento,18990.0,12690.0,57.0,0.0,0.015,1700.0
5240,1529,2021-04-05,3,102123.0,2021-04-26,21,bravery salmon adult cat sterilized 7 kg,adultos,alimento,49990.0,34041.0,150.0,0.0,0.015,2250.0
5281,1005,2021-04-12,4,153612.0,2021-05-03,21,bravery chicken adult large/medium breeds 12 kg,adultos,alimento,54990.0,38403.0,165.0,0.0,0.015,650.0
5287,596,2021-04-12,29,1930530.0,2021-05-03,21,royal canin maxi adulto 15 kg,adultos,alimento,85410.0,66570.0,257.0,3.0,0.015,3000.0
5329,1476,2021-04-19,12,410894.0,2021-05-13,24,bravery chicken adult cat 7 kg,adultos,alimento,44990.0,32439.0,136.0,0.0,0.015,4850.0
5353,709,2021-04-19,4,192644.0,2021-05-08,19,bravery salmon adult large/medium breed 12 kg,adultos,alimento,60990.0,48161.0,183.0,4.0,0.015,5300.0
5393,1529,2021-04-26,6,204246.0,2021-05-16,20,bravery salmon adult cat sterilized 7 kg,adultos,alimento,49990.0,34041.0,150.0,0.0,0.015,2250.0
5440,1510,2021-05-03,3,138075.66666666657,2021-05-24,21,bravery salmon adult cat 7 kg,adultos,alimento,47990.0,37657.0,145.0,1.0,0.015,1050.0
5552,1272,2021-05-03,6,217198.8,2021-05-23,20,brit care duck endurance 12 kg,adultos,alimento,50900.0,34476.0,154.0,2.0,0.015,1800.0
5644,520,2021-05-03,5,167154.0000000001,2021-05-22,19,bravery lamb mini adulto small breed 7 kg,adultos,alimento,43990.0,32145.0,132.0,2.0,0.015,500.0
5713,1433,2021-05-17,17,1163004.0,2021-06-20,34,royal canin maxi junior 15 kgr,adultos,alimento,89240.0,68412.0,268.0,4.0,0.015,1900.0
5731,1003,2021-05-17,1,40209.0,2021-06-05,19,brit care cat grain-free haircare healthy & shiny coat 7 kg,adultos,alimento,55990.0,40209.0,168.0,2.0,0.015,3400.0
5739,1706,2021-05-17,11,366894.0,2021-06-10,24,pro plan adulto optihealth r/m 15 kg,adultos,alimento,49500.0,33354.0,149.0,0.0,0.015,3850.0
5743,1529,2021-05-17,4,136164.0,2021-06-04,18,bravery salmon adult cat sterilized 7 kg,adultos,alimento,49990.0,34041.0,150.0,0.0,0.015,2250.0
5752,596,2021-05-24,5,377229.9999999998,2021-06-11,18,royal canin maxi adulto 15 kg,adultos,alimento,85410.0,66570.0,257.0,3.0,0.015,3000.0
6030,642,2021-05-31,4,178896.0,2021-06-25,25,proplan active mind rz mediana y grande 15kg,senior,alimento,56900.0,44724.0,172.0,0.0,0.015,5700.0
6075,1734,2021-06-07,7,10402.0,2021-06-29,22,bravery atún y vegetales alimento húmedo,humedo,alimento,1990.0,1486.0,6.0,8.0,0.015,4050.0
6080,1308,2021-06-07,3,128733.0,2021-06-26,19,brit care adulto large salmon & potato 12 kg,adultos,alimento,62990.0,42911.0,190.0,2.0,0.015,5000.0
6088,279,2021-06-07,4,50048.0,2021-06-26,19,bravery light iberian pork mini adult small breeds 2 kg,adultos,alimento,16990.0,12512.0,52.0,1.0,0.015,2650.0
6104,596,2021-06-14,24,1619870.0000000002,2021-07-06,22,royal canin maxi adulto 15 kg,adultos,alimento,85410.0,66570.0,257.0,3.0,0.015,3000.0
6111,966,2021-06-14,4,69764.0,2021-07-03,19,bravery lamb adult large/medium b. 4 kg,adultos,alimento,22900.0,17441.0,70.0,1.0,0.015,1350.0
6135,1529,2021-06-14,2,68082.0,2021-07-03,19,bravery salmon adult cat sterilized 7 kg,adultos,alimento,49990.0,34041.0,150.0,0.0,0.015,2250.0
6139,1005,2021-06-21,0,25602.000000000047,2021-07-09,18,bravery chicken adult large/medium breeds 12 kg,adultos,alimento,54990.0,38403.0,165.0,0.0,0.015,650.0
6152,1433,2021-06-21,18,1277023.9999999998,2021-07-18,27,royal canin maxi junior 15 kgr,adultos,alimento,89240.0,68412.0,268.0,4.0,0.015,1900.0
6166,1272,2021-06-21,1,34476.0,2021-07-10,19,brit care duck endurance 12 kg,adultos,alimento,50900.0,34476.0,154.0,2.0,0.015,1800.0
6175,1706,2021-06-21,2,66708.0,2021-07-09,18,pro plan adulto optihealth r/m 15 kg,adultos,alimento,49500.0,33354.0,149.0,0.0,0.015,3850.0
6201,901,2021-06-28,1,18538.0,2021-07-17,19,yorkshire terrier adulto  2.5kilo,razas,alimento,27650.0,18538.0,83.0,4.0,0.015,800.0
6367,1734,2021-07-05,10,14860.0,2021-07-24,19,bravery atún y vegetales alimento húmedo,humedo,alimento,1990.0,1486.0,6.0,8.0,0.015,4050.0
6526,596,2021-07-12,7,465990.0,2021-07-30,18,royal canin maxi adulto 15 kg,adultos,alimento,85410.0,66570.0,257.0,3.0,0.015,3000.0
6549,1308,2021-07-12,17,729487.0,2021-08-02,21,brit care adulto large salmon & potato 12 kg,adultos,alimento,62990.0,42911.0,190.0,2.0,0.015,5000.0
6557,1529,2021-07-12,1,34041.0,2021-07-30,18,bravery salmon adult cat sterilized 7 kg,adultos,alimento,49990.0,34041.0,150.0,0.0,0.015,2250.0
6572,901,2021-07-19,1,18538.0,2021-08-06,18,yorkshire terrier adulto  2.5kilo,razas,alimento,27650.0,18538.0,83.0,4.0,0.015,800.0
6574,1433,2021-07-19,29,1983948.0000000005,2021-08-16,28,royal canin maxi junior 15 kgr,adultos,alimento,89240.0,68412.0,268.0,4.0,0.015,1900.0
6590,709,2021-07-19,3,160536.66666666677,2021-08-12,24,bravery salmon adult large/medium breed 12 kg,adultos,alimento,60990.0,48161.0,183.0,4.0,0.015,5300.0
6925,1005,2021-08-09,12,470436.75,2021-09-01,23,bravery chicken adult large/medium breeds 12 kg,adultos,alimento,54990.0,38403.0,165.0,0.0,0.015,650.0
6931,485,2021-08-09,12,734508.0,2021-09-02,24,royal can. hepatic canine 10 kg.,medicados,alimento,91930.0,61209.0,277.0,0.0,0.015,500.0
6939,1773,2021-08-09,5,140387.5,2021-08-28,19,pro plan reduced calorie cat 3kg ar,adultos,alimento,36370.0,25525.0,109.0,2.0,0.015,2900.0
6987,1734,2021-08-16,8,11888.0,2021-09-04,19,bravery atún y vegetales alimento húmedo,humedo,alimento,1990.0,1486.0,6.0,8.0,0.015,4050.0
7003,648,2021-08-16,10,196128.0,2021-09-04,19,monge mini adult chicken de 3 kg,adultos,alimento,25990.0,18160.0,78.0,4.0,0.015,1700.0
7065,596,2021-08-30,6,410514.9999999998,2021-09-17,18,royal canin maxi adulto 15 kg,adultos,alimento,85410.0,66570.0,257.0,3.0,0.015,3000.0
7066,1556,2021-08-30,6,80369.99999999999,2021-09-18,19,amity sp low grain salmon adult 4 kg,adultos,alimento,18990.0,12690.0,57.0,0.0,0.015,1700.0
7097,709,2021-08-30,14,679605.2222222224,2021-09-22,23,bravery salmon adult large/medium breed 12 kg,adultos,alimento,60990.0,48161.0,183.0,4.0,0.015,5300.0
7330,520,2021-09-06,8,282875.9999999999,2021-09-25,19,bravery lamb mini adulto small breed 7 kg,adultos,alimento,43990.0,32145.0,132.0,2.0,0.015,500.0
7370,1650,2021-09-13,2,128576.00000000006,2021-10-02,19,brit care dog show champion salmon 12 kg,adultos,alimento,63990.0,48216.0,193.0,6.0,0.015,1650.0
7382,1308,2021-09-13,16,715183.3333333334,2021-10-06,23,brit care adulto large salmon & potato 12 kg,adultos,alimento,62990.0,42911.0,190.0,2.0,0.015,5000.0
7425,1476,2021-09-27,1,32439.0,2021-10-16,19,bravery chicken adult cat 7 kg,adultos,alimento,44990.0,32439.0,136.0,0.0,0.015,4850.0
7431,832,2021-09-27,25,1179375.0,2021-10-19,22,royal can fhn fit 32 7.5 kilo,adultos,alimento,65290.0,47175.0,196.0,3.0,0.015,2200.0
7442,1734,2021-09-27,1,1486.0,2021-10-19,22,bravery atún y vegetales alimento húmedo,humedo,alimento,1990.0,1486.0,6.0,8.0,0.015,4050.0
7460,1462,2021-09-27,2,42208.0,2021-10-15,18,pro plan reduce calorie sml brd 3kg ar,adultos,alimento,29550.0,21104.0,90.0,0.0,0.015,500.0
7463,1529,2021-09-27,2,68082.0,2021-10-16,19,bravery salmon adult cat sterilized 7 kg,adultos,alimento,49990.0,34041.0,150.0,0.0,0.015,2250.0
7513,596,2021-10-04,21,1447897.5,2021-11-04,31,royal canin maxi adulto 15 kg,adultos,alimento,85410.0,66570.0,257.0,3.0,0.015,3000.0
7635,1688,2021-10-04,2,73520.0,2021-10-22,18,monge maxi adult chicken de 12 kg,adultos,alimento,54390.0,36760.0,164.0,1.0,0.015,5150.0
7709,648,2021-10-04,5,103512.0,2021-10-24,20,monge mini adult chicken de 3 kg,adultos,alimento,25990.0,18160.0,78.0,4.0,0.015,1700.0
7760,629,2021-10-11,1,68604.66666666673,2021-11-10,30,eukanuba adulto large breed 15 kg,adultos,alimento,82410.0,58804.0,249.0,3.0,0.015,3400.0
7779,709,2021-10-11,10,481610.0,2021-11-02,22,bravery salmon adult large/medium breed 12 kg,adultos,alimento,60990.0,48161.0,183.0,4.0,0.015,5300.0
7802,1433,2021-10-18,0,10365.454545454111,2021-11-18,31,royal canin maxi junior 15 kgr,adultos,alimento,89240.0,68412.0,268.0,4.0,0.015,1900.0
7830,1529,2021-10-18,15,510615.0,2021-11-07,20,bravery salmon adult cat sterilized 7 kg,adultos,alimento,49990.0,34041.0,150.0,0.0,0.015,2250.0
7860,419,2021-10-25,2,85286.0,2021-11-17,23,brit care weight loss rabbit 12 kg,weight control,alimento,63990.0,42643.0,193.0,4.0,0.015,1850.0
7875,1003,2021-10-25,3,120627.0,2021-11-12,18,brit care cat grain-free haircare healthy & shiny coat 7 kg,adultos,alimento,55990.0,40209.0,168.0,2.0,0.015,3400.0
7884,91,2021-10-25,2,62916.0,2021-11-16,22,royal can  vet cat  young male s/o 3.5 kilo,adultos,alimento,42480.0,31458.0,127.0,12.0,0.015,500.0
7903,1510,2021-11-01,8,326360.66666666657,2021-11-20,19,bravery salmon adult cat 7 kg,adultos,alimento,47990.0,37657.0,145.0,1.0,0.015,1050.0
7922,1308,2021-11-01,3,143036.66666666663,2021-11-23,22,brit care adulto large salmon & potato 12 kg,adultos,alimento,62990.0,42911.0,190.0,2.0,0.015,5000.0
7930,648,2021-11-01,8,145280.0,2021-11-19,18,monge mini adult chicken de 3 kg,adultos,alimento,25990.0,18160.0,78.0,4.0,0.015,1700.0
7952,1734,2021-11-08,4,5944.0,2021-11-28,20,bravery atún y vegetales alimento húmedo,humedo,alimento,1990.0,1486.0,6.0,8.0,0.015,4050.0
7972,709,2021-11-08,2,96322.0,2021-12-05,27,bravery salmon adult large/medium breed 12 kg,adultos,alimento,60990.0,48161.0,183.0,4.0,0.015,5300.0
7989,1476,2021-11-15,16,540649.9999999999,2021-12-13,28,bravery chicken adult cat 7 kg,adultos,alimento,44990.0,32439.0,136.0,0.0,0.015,4850.0
7999,629,2021-11-15,17,1033970.3333333333,2021-12-06,21,eukanuba adulto large breed 15 kg,adultos,alimento,82410.0,58804.0,249.0,3.0,0.015,3400.0
8030,1462,2021-11-15,3,79391.23809523803,2021-12-03,18,pro plan reduce calorie sml brd 3kg ar,adultos,alimento,29550.0,21104.0,90.0,0.0,0.015,500.0
8038,534,2021-11-22,10,42940.0,2021-12-10,18,belcando búfalo de agua 400 gr,humedo,alimento,5590.0,4294.0,18.0,0.0,0.015,650.0
8042,485,2021-11-22,6,367254.0,2021-12-18,26,royal can. hepatic canine 10 kg.,medicados,alimento,91930.0,61209.0,277.0,0.0,0.015,500.0
8049,832,2021-11-22,8,377400.0,2021-12-10,18,royal can fhn fit 32 7.5 kilo,adultos,alimento,65290.0,47175.0,196.0,3.0,0.015,2200.0
8052,1433,2021-11-22,10,696558.5454545455,2021-12-23,31,royal canin maxi junior 15 kgr,adultos,alimento,89240.0,68412.0,268.0,4.0,0.015,1900.0
8057,1773,2021-11-22,13,344587.5,2021-12-10,18,pro plan reduced calorie cat 3kg ar,adultos,alimento,36370.0,25525.0,109.0,2.0,0.015,2900.0
8177,596,2021-12-06,5,369463.4999999998,2021-12-29,23,royal canin maxi adulto 15 kg,adultos,alimento,85410.0,66570.0,257.0,3.0,0.015,3000.0
8227,629,2021-12-06,6,355764.20000000007,2021-12-31,25,eukanuba adulto large breed 15 kg,adultos,alimento,82410.0,58804.0,249.0,3.0,0.015,3400.0
8455,1476,2021-12-20,3,97317.0,2022-01-10,21,bravery chicken adult cat 7 kg,adultos,alimento,44990.0,32439.0,136.0,0.0,0.015,4850.0
8466,966,2021-12-20,0,5813.666666666646,2022-01-07,18,bravery lamb adult large/medium b. 4 kg,adultos,alimento,22900.0,17441.0,70.0,1.0,0.015,1350.0
8479,1688,2021-12-20,2,73520.0,2022-01-07,18,monge maxi adult chicken de 12 kg,adultos,alimento,54390.0,36760.0,164.0,1.0,0.015,5150.0
8493,709,2021-12-20,2,96322.0,2022-01-07,18,bravery salmon adult large/medium breed 12 kg,adultos,alimento,60990.0,48161.0,183.0,4.0,0.015,5300.0
8509,1433,2021-12-27,13,912160.0,2022-01-26,30,royal canin maxi junior 15 kgr,adultos,alimento,89240.0,68412.0,268.0,4.0,0.015,1900.0
8594,596,2022-01-03,12,828796.5000000002,2022-01-23,20,royal canin maxi adulto 15 kg,adultos,alimento,85410.0,66570.0,257.0,3.0,0.015,3000.0
8643,629,2022-01-03,23,1393654.8,2022-01-21,18,eukanuba adulto large breed 15 kg,adultos,alimento,82410.0,58804.0,249.0,3.0,0.015,3400.0
8689,1734,2022-01-03,14,21101.199999999997,2022-01-22,19,bravery atún y vegetales alimento húmedo,humedo,alimento,1990.0,1486.0,6.0,8.0,0.015,4050.0
8846,1005,2022-01-10,9,364828.5,2022-01-29,19,bravery chicken adult large/medium breeds 12 kg,adultos,alimento,54990.0,38403.0,165.0,0.0,0.015,650.0
8873,9,2022-01-10,8,13073.0,2022-01-28,18,pro plan gatos adulto pollo pouch 85 gr,humedo,alimento,2330.0,1538.0,8.0,2.0,0.015,2000.0
8936,1706,2022-01-17,1,33354.0,2022-02-04,18,pro plan adulto optihealth r/m 15 kg,adultos,alimento,49500.0,33354.0,149.0,0.0,0.015,3850.0
8967,543,2022-01-24,3,141321.0,2022-02-12,19,brit care adult large breed l&r 12 kg,adultos,alimento,62990.0,47107.0,190.0,4.0,0.015,5250.0
8999,443,2022-01-24,37,1035741.0,2022-02-13,20,bravery chicken mini adult small breeds 7 kg,adultos,alimento,35990.0,27993.0,109.0,0.0,0.015,3800.0
9007,520,2022-01-24,1,57860.99999999991,2022-02-11,18,bravery lamb mini adulto small breed 7 kg,adultos,alimento,43990.0,32145.0,132.0,2.0,0.015,500.0
9082,1433,2022-01-31,18,1257477.714285714,2022-02-21,21,royal canin maxi junior 15 kgr,adultos,alimento,89240.0,68412.0,268.0,4.0,0.015,1900.0
9112,1366,2022-01-31,1,34561.0,2022-02-18,18,amity sp low grain chicken puppy 14 kg,cachorros,alimento,52990.0,34561.0,160.0,0.0,0.015,5400.0
9153,1650,2022-01-31,2,96432.0,2022-02-18,18,brit care dog show champion salmon 12 kg,adultos,alimento,63990.0,48216.0,193.0,6.0,0.015,1650.0
9328,596,2022-02-07,10,722760.0,2022-02-26,19,royal canin maxi adulto 15 kg,adultos,alimento,85410.0,66570.0,257.0,3.0,0.015,3000.0
9362,1706,2022-02-07,13,447896.5714285715,2022-02-25,18,pro plan adulto optihealth r/m 15 kg,adultos,alimento,49500.0,33354.0,149.0,0.0,0.015,3850.0
9368,1225,2022-02-14,15,422550.0,2022-03-05,19,bravery light iberian pork mini adult small breeds 7 kg,weight control,alimento,43320.0,28170.0,131.0,0.0,0.015,4350.0
9375,1510,2022-02-14,3,145607.06666666642,2022-03-06,20,bravery salmon adult cat 7 kg,adultos,alimento,47990.0,37657.0,145.0,1.0,0.015,1050.0
9383,629,2022-02-14,0,17641.20000000004,2022-03-10,24,eukanuba adulto large breed 15 kg,adultos,alimento,82410.0,58804.0,249.0,3.0,0.015,3400.0
9429,534,2022-02-21,4,17891.66666666667,2022-03-11,18,belcando búfalo de agua 400 gr,humedo,alimento,5590.0,4294.0,18.0,0.0,0.015,650.0
9461,1734,2022-02-21,9,13671.200000000004,2022-03-16,23,bravery atún y vegetales alimento húmedo,humedo,alimento,1990.0,1486.0,6.0,8.0,0.015,4050.0
9482,709,2022-02-21,2,96322.0,2022-03-11,18,bravery salmon adult large/medium breed 12 kg,adultos,alimento,60990.0,48161.0,183.0,4.0,0.015,5300.0
9554,596,2022-02-28,29,1973325.0,2022-03-22,22,royal canin maxi adulto 15 kg,adultos,alimento,85410.0,66570.0,257.0,3.0,0.015,3000.0
9739,443,2022-02-28,2,55986.0,2022-03-18,18,bravery chicken mini adult small breeds 7 kg,adultos,alimento,35990.0,27993.0,109.0,0.0,0.015,3800.0
9874,279,2022-03-07,8,106352.0,2022-03-27,20,bravery light iberian pork mini adult small breeds 2 kg,adultos,alimento,16990.0,12512.0,52.0,1.0,0.015,2650.0
9894,1476,2022-03-14,0,6487.7999999999765,2022-04-07,24,bravery chicken adult cat 7 kg,adultos,alimento,44990.0,32439.0,136.0,0.0,0.015,4850.0
9919,114,2022-03-14,3,25644.80000000002,2022-04-10,27,dingo dental stick huesitos ,snack,alimento,11990.0,8014.0,36.0,15.0,0.015,1100.0
9923,1166,2022-03-14,7,221515.0,2022-04-01,18,royal can  vet cat  young female  s/o 3.5 kilo,adultos,alimento,42480.0,31645.0,127.0,5.0,0.015,5750.0
9990,520,2022-03-21,12,385740.0,2022-04-10,20,bravery lamb mini adulto small breed 7 kg,adultos,alimento,43990.0,32145.0,132.0,2.0,0.015,500.0
10043,91,2022-03-28,8,280500.50000000006,2022-04-22,25,royal can  vet cat  young male s/o 3.5 kilo,adultos,alimento,42480.0,31458.0,127.0,12.0,0.015,500.0
10134,1433,2022-04-04,22,1505064.0,2022-04-23,19,royal canin maxi junior 15 kgr,adultos,alimento,89240.0,68412.0,268.0,4.0,0.015,1900.0
10336,709,2022-04-04,4,208697.6666666664,2022-04-25,21,bravery salmon adult large/medium breed 12 kg,adultos,alimento,60990.0,48161.0,183.0,4.0,0.015,5300.0
10389,1476,2022-04-11,21,684823.3333333335,2022-05-08,27,bravery chicken adult cat 7 kg,adultos,alimento,44990.0,32439.0,136.0,0.0,0.015,4850.0
10400,483,2022-04-11,3,108870.0,2022-04-30,19,royal canin mini adulto  8 kg fr,adultos,alimento,48960.0,36290.0,147.0,1.0,0.015,500.0
10422,114,2022-04-11,22,177910.8,2022-05-07,26,dingo dental stick huesitos ,snack,alimento,11990.0,8014.0,36.0,15.0,0.015,1100.0
10448,832,2022-04-18,14,660450.0,2022-05-11,23,royal can fhn fit 32 7.5 kilo,adultos,alimento,65290.0,47175.0,196.0,3.0,0.015,2200.0
10469,1308,2022-04-18,5,214555.0,2022-05-17,29,brit care adulto large salmon & potato 12 kg,adultos,alimento,62990.0,42911.0,190.0,2.0,0.015,5000.0
10504,1591,2022-04-25,2,67908.0,2022-05-15,20,pro plan active mind small breed 7.5 kg,senior,alimento,47120.0,33954.0,142.0,1.0,0.015,4050.0
10507,128,2022-04-25,4,56208.0,2022-05-15,20,brit care cat grain-free haircare healthy & shiny coat 2 kg,adultos,alimento,18990.0,14052.0,57.0,5.0,0.015,500.0
10510,1433,2022-04-25,1,68412.0,2022-06-01,37,royal canin maxi junior 15 kgr,adultos,alimento,89240.0,68412.0,268.0,4.0,0.015,1900.0
10540,1706,2022-04-25,17,567018.0,2022-05-16,21,pro plan adulto optihealth r/m 15 kg,adultos,alimento,49500.0,33354.0,149.0,0.0,0.015,3850.0
10549,91,2022-04-25,12,403711.0,2022-05-18,23,royal can  vet cat  young male s/o 3.5 kilo,adultos,alimento,42480.0,31458.0,127.0,12.0,0.015,500.0
10663,999,2022-05-02,2,67908.0,2022-05-26,24,proplan puppy optis. large br. 15 kg.,cachorros,alimento,49900.0,33954.0,150.0,4.0,0.015,4200.0
10674,629,2022-05-02,8,509634.6666666665,2022-05-24,22,eukanuba adulto large breed 15 kg,adultos,alimento,82410.0,58804.0,249.0,3.0,0.015,3400.0
10836,1678,2022-05-02,4,253300.0,2022-05-20,18,royal can. urinary canine 10 kg.,medicados,alimento,93370.0,63325.0,282.0,0.0,0.015,1850.0
10888,1476,2022-05-09,13,450541.66666666657,2022-06-03,25,bravery chicken adult cat 7 kg,adultos,alimento,44990.0,32439.0,136.0,0.0,0.015,4850.0
10935,1005,2022-05-16,6,230418.0,2022-06-05,20,bravery chicken adult large/medium breeds 12 kg,adultos,alimento,54990.0,38403.0,165.0,0.0,0.015,650.0
10939,534,2022-05-16,3,14415.571428571431,2022-06-04,19,belcando búfalo de agua 400 gr,humedo,alimento,5590.0,4294.0,18.0,0.0,0.015,650.0
10980,114,2022-05-16,4,32056.0,2022-06-09,24,dingo dental stick huesitos ,snack,alimento,11990.0,8014.0,36.0,15.0,0.015,1100.0
11085,629,2022-05-30,27,1638671.4666666668,2022-06-19,20,eukanuba adulto large breed 15 kg,adultos,alimento,82410.0,58804.0,249.0,3.0,0.015,3400.0
11111,758,2022-05-30,11,520069.0,2022-06-21,22,brit care gf junior large breed salmon  12 kg,cachorros,alimento,64990.0,47279.0,196.0,2.0,0.015,3350.0
11116,1706,2022-05-30,12,400248.0,2022-06-17,18,pro plan adulto optihealth r/m 15 kg,adultos,alimento,49500.0,33354.0,149.0,0.0,0.015,3850.0
11121,1529,2022-05-30,6,204246.0,2022-06-22,23,bravery salmon adult cat sterilized 7 kg,adultos,alimento,49990.0,34041.0,150.0,0.0,0.015,2250.0
11139,1005,2022-06-06,13,532521.6,2022-07-01,25,bravery chicken adult large/medium breeds 12 kg,adultos,alimento,54990.0,38403.0,165.0,0.0,0.015,650.0
11213,1433,2022-06-06,3,205236.0,2022-06-29,23,royal canin maxi junior 15 kgr,adultos,alimento,89240.0,68412.0,268.0,4.0,0.015,1900.0
11234,834,2022-06-06,2,93632.0,2022-06-29,23,brit care adult medium breed l&r 12 kg,adultos,alimento,62990.0,46816.0,190.0,4.0,0.015,1850.0
11389,1698,2022-06-06,2,115998.0,2022-06-28,22,brit care sensitive venison & potato 12 kg,adultos,alimento,74990.0,57999.0,226.0,0.0,0.015,2550.0
11440,1734,2022-06-13,18,26748.0,2022-07-03,20,bravery atún y vegetales alimento húmedo,humedo,alimento,1990.0,1486.0,6.0,8.0,0.015,4050.0
11556,1308,2022-06-27,1,57214.666666666766,2022-07-22,25,brit care adulto large salmon & potato 12 kg,adultos,alimento,62990.0,42911.0,190.0,2.0,0.015,5000.0
11918,629,2022-07-11,9,558638.0,2022-07-30,19,eukanuba adulto large breed 15 kg,adultos,alimento,82410.0,58804.0,249.0,3.0,0.015,3400.0
11969,596,2022-07-18,11,787745.0000000001,2022-08-13,26,royal canin maxi adulto 15 kg,adultos,alimento,85410.0,66570.0,257.0,3.0,0.015,3000.0
11993,1166,2022-07-18,6,189870.0,2022-08-07,20,royal can  vet cat  young female  s/o 3.5 kilo,adultos,alimento,42480.0,31645.0,127.0,5.0,0.015,5750.0
11998,709,2022-07-18,4,192644.0,2022-08-09,22,bravery salmon adult large/medium breed 12 kg,adultos,alimento,60990.0,48161.0,183.0,4.0,0.015,5300.0
12002,1529,2022-07-18,2,68082.0,2022-08-06,19,bravery salmon adult cat sterilized 7 kg,adultos,alimento,49990.0,34041.0,150.0,0.0,0.015,2250.0
12003,642,2022-07-18,5,223620.0,2022-08-05,18,proplan active mind rz mediana y grande 15kg,senior,alimento,56900.0,44724.0,172.0,0.0,0.015,5700.0
12024,808,2022-07-25,7,331135.0,2022-08-12,18,brit care gf adult salmon 12 kg,adultos,alimento,62990.0,47305.0,190.0,9.0,0.015,1300.0
12059,1706,2022-07-25,3,100062.0,2022-08-16,22,pro plan adulto optihealth r/m 15 kg,adultos,alimento,49500.0,33354.0,149.0,0.0,0.015,3850.0
12236,1734,2022-08-01,15,23393.88571428572,2022-08-19,18,bravery atún y vegetales alimento húmedo,humedo,alimento,1990.0,1486.0,6.0,8.0,0.015,4050.0
12383,520,2022-08-01,4,146948.57142857136,2022-08-24,23,bravery lamb mini adulto small breed 7 kg,adultos,alimento,43990.0,32145.0,132.0,2.0,0.015,500.0
12453,1272,2022-08-08,1,34476.0,2022-08-28,20,brit care duck endurance 12 kg,adultos,alimento,50900.0,34476.0,154.0,2.0,0.015,1800.0
12497,629,2022-08-15,6,382226.0,2022-09-08,24,eukanuba adulto large breed 15 kg,adultos,alimento,82410.0,58804.0,249.0,3.0,0.015,3400.0
12513,443,2022-08-15,20,573856.5,2022-09-02,18,bravery chicken mini adult small breeds 7 kg,adultos,alimento,35990.0,27993.0,109.0,0.0,0.015,3800.0
12529,1005,2022-08-22,5,192015.0,2022-09-09,18,bravery chicken adult large/medium breeds 12 kg,adultos,alimento,54990.0,38403.0,165.0,0.0,0.015,650.0
12539,1556,2022-08-22,3,42299.99999999999,2022-09-10,19,amity sp low grain salmon adult 4 kg,adultos,alimento,18990.0,12690.0,57.0,0.0,0.015,1700.0
12597,596,2022-08-29,7,465990.0,2022-09-17,19,royal canin maxi adulto 15 kg,adultos,alimento,85410.0,66570.0,257.0,3.0,0.015,3000.0
12606,966,2022-08-29,5,98832.33333333336,2022-09-16,18,bravery lamb adult large/medium b. 4 kg,adultos,alimento,22900.0,17441.0,70.0,1.0,0.015,1350.0
12627,1272,2022-08-29,8,293046.0,2022-09-18,20,brit care duck endurance 12 kg,adultos,alimento,50900.0,34476.0,154.0,2.0,0.015,1800.0
12634,709,2022-08-29,5,255253.30000000005,2022-09-17,19,bravery salmon adult large/medium breed 12 kg,adultos,alimento,60990.0,48161.0,183.0,4.0,0.015,5300.0
12640,91,2022-08-29,0,23593.5,2022-09-19,21,royal can  vet cat  young male s/o 3.5 kilo,adultos,alimento,42480.0,31458.0,127.0,12.0,0.015,500.0
12683,1510,2022-09-05,1,37657.0,2022-09-24,19,bravery salmon adult cat 7 kg,adultos,alimento,47990.0,37657.0,145.0,1.0,0.015,1050.0
12966,483,2022-09-12,9,326610.0,2022-10-01,19,royal canin mini adulto  8 kg fr,adultos,alimento,48960.0,36290.0,147.0,1.0,0.015,500.0
12970,1433,2022-09-12,5,387668.0000000004,2022-09-30,18,royal canin maxi junior 15 kgr,adultos,alimento,89240.0,68412.0,268.0,4.0,0.015,1900.0
13016,1476,2022-09-19,0,12975.60000000007,2022-10-12,23,bravery chicken adult cat 7 kg,adultos,alimento,44990.0,32439.0,136.0,0.0,0.015,4850.0
13055,1005,2022-09-26,2,76806.0,2022-10-14,18,bravery chicken adult large/medium breeds 12 kg,adultos,alimento,54990.0,38403.0,165.0,0.0,0.015,650.0
13108,642,2022-09-26,3,134172.0,2022-10-15,19,proplan active mind rz mediana y grande 15kg,senior,alimento,56900.0,44724.0,172.0,0.0,0.015,5700.0
13453,1433,2022-10-10,8,547296.0,2022-11-12,33,royal canin maxi junior 15 kgr,adultos,alimento,89240.0,68412.0,268.0,4.0,0.015,1900.0
13461,1773,2022-10-10,6,157404.1666666666,2022-10-31,21,pro plan reduced calorie cat 3kg ar,adultos,alimento,36370.0,25525.0,109.0,2.0,0.015,2900.0
13535,1308,2022-10-17,2,85822.0,2022-11-16,30,brit care adulto large salmon & potato 12 kg,adultos,alimento,62990.0,42911.0,190.0,2.0,0.015,5000.0
13568,1510,2022-10-24,2,75314.0,2022-11-12,19,bravery salmon adult cat 7 kg,adultos,alimento,47990.0,37657.0,145.0,1.0,0.015,1050.0
13576,901,2022-10-24,1,18538.0,2022-11-11,18,yorkshire terrier adulto  2.5kilo,razas,alimento,27650.0,18538.0,83.0,4.0,0.015,800.0
13640,629,2022-10-31,13,789653.7142857144,2022-12-03,33,eukanuba adulto large breed 15 kg,adultos,alimento,82410.0,58804.0,249.0,3.0,0.015,3400.0
13695,1773,2022-11-07,3,76575.0,2022-11-25,18,pro plan reduced calorie cat 3kg ar,adultos,alimento,36370.0,25525.0,109.0,2.0,0.015,2900.0
13774,1003,2022-11-14,6,271410.75,2022-12-02,18,brit care cat grain-free haircare healthy & shiny coat 7 kg,adultos,alimento,55990.0,40209.0,168.0,2.0,0.015,3400.0
13777,1166,2022-11-14,1,42193.3333333333,2022-12-02,18,royal can  vet cat  young female  s/o 3.5 kilo,adultos,alimento,42480.0,31645.0,127.0,5.0,0.015,5750.0
13832,709,2022-11-21,2,96322.0,2022-12-17,26,bravery salmon adult large/medium breed 12 kg,adultos,alimento,60990.0,48161.0,183.0,4.0,0.015,5300.0
13856,532,2022-11-28,3,178512.0,2022-12-24,26,pro plan adult large breed 15kg ar,adultos,alimento,77690.0,59504.0,234.0,1.0,0.015,4450.0
13864,1773,2022-11-28,5,127625.0,2022-12-18,20,pro plan reduced calorie cat 3kg ar,adultos,alimento,36370.0,25525.0,109.0,2.0,0.015,2900.0
13906,1005,2022-12-05,9,363456.9642857143,2022-12-27,22,bravery chicken adult large/medium breeds 12 kg,adultos,alimento,54990.0,38403.0,165.0,0.0,0.015,650.0
13981,1433,2022-12-05,5,385329.1282051278,2023-01-04,30,royal canin maxi junior 15 kgr,adultos,alimento,89240.0,68412.0,268.0,4.0,0.015,1900.0
14221,596,2022-12-12,7,528861.6666666667,2023-01-07,26,royal canin maxi adulto 15 kg,adultos,alimento,85410.0,66570.0,257.0,3.0,0.015,3000.0
14226,274,2022-12-12,1,19507.0,2023-01-03,22,bravery light iberian pork adult l/m breeds 4 kg,weight control,alimento,24990.0,19507.0,75.0,1.0,0.015,3100.0
14246,1003,2022-12-12,1,40209.0,2022-12-30,18,brit care cat grain-free haircare healthy & shiny coat 7 kg,adultos,alimento,55990.0,40209.0,168.0,2.0,0.015,3400.0
14248,443,2022-12-12,34,965758.5,2022-12-31,19,bravery chicken mini adult small breeds 7 kg,adultos,alimento,35990.0,27993.0,109.0,0.0,0.015,3800.0
14281,1387,2022-12-19,1,45406.0,2023-01-11,23,bravery chicken puppy large/medium breeds 12 kg,cachorros,alimento,59990.0,45406.0,182.0,3.0,0.015,500.0
14392,1005,2023-01-02,7,289394.0357142857,2023-01-22,20,bravery chicken adult large/medium breeds 12 kg,adultos,alimento,54990.0,38403.0,165.0,0.0,0.015,650.0
14729,1433,2023-01-09,21,1480255.252747253,2023-02-05,27,royal canin maxi junior 15 kgr,adultos,alimento,89240.0,68412.0,268.0,4.0,0.015,1900.0
14788,1510,2023-01-16,10,376570.0,2023-02-04,19,bravery salmon adult cat 7 kg,adultos,alimento,47990.0,37657.0,145.0,1.0,0.015,1050.0
14828,1005,2023-01-23,4,182414.25,2023-02-14,22,bravery chicken adult large/medium breeds 12 kg,adultos,alimento,54990.0,38403.0,165.0,0.0,0.015,650.0
14838,808,2023-01-23,9,449397.5,2023-02-10,18,brit care gf adult salmon 12 kg,adultos,alimento,62990.0,47305.0,190.0,9.0,0.015,1300.0
14843,629,2023-01-23,5,308721.0,2023-02-14,22,eukanuba adulto large breed 15 kg,adultos,alimento,82410.0,58804.0,249.0,3.0,0.015,3400.0
14867,648,2023-01-23,17,317800.0,2023-02-12,20,monge mini adult chicken de 3 kg,adultos,alimento,25990.0,18160.0,78.0,4.0,0.015,1700.0
15185,1529,2023-02-06,2,88506.60000000005,2023-02-26,20,bravery salmon adult cat sterilized 7 kg,adultos,alimento,49990.0,34041.0,150.0,0.0,0.015,2250.0
15203,91,2023-02-06,6,196612.5,2023-02-24,18,royal can  vet cat  young male s/o 3.5 kilo,adultos,alimento,42480.0,31458.0,127.0,12.0,0.015,500.0
15261,1003,2023-02-13,5,201045.0,2023-03-06,21,brit care cat grain-free haircare healthy & shiny coat 7 kg,adultos,alimento,55990.0,40209.0,168.0,2.0,0.015,3400.0
15279,534,2023-02-20,3,14313.333333333345,2023-03-11,19,belcando búfalo de agua 400 gr,humedo,alimento,5590.0,4294.0,18.0,0.0,0.015,650.0
15288,596,2023-02-20,12,827369.9999999999,2023-03-11,19,royal canin maxi adulto 15 kg,adultos,alimento,85410.0,66570.0,257.0,3.0,0.015,3000.0
15330,1166,2023-02-20,1,31645.0,2023-03-10,18,royal can  vet cat  young female  s/o 3.5 kilo,adultos,alimento,42480.0,31645.0,127.0,5.0,0.015,5750.0
15360,1774,2023-02-27,1,40335.0,2023-03-18,19,eukanuba puppy small 7.5 kg,cachorros,alimento,52870.0,40335.0,159.0,1.0,0.015,1850.0
15395,91,2023-02-27,18,585905.25,2023-03-21,22,royal can  vet cat  young male s/o 3.5 kilo,adultos,alimento,42480.0,31458.0,127.0,12.0,0.015,500.0
15446,1556,2023-03-06,1,12690.0,2023-03-26,20,amity sp low grain salmon adult 4 kg,adultos,alimento,18990.0,12690.0,57.0,0.0,0.015,1700.0
15550,1734,2023-03-06,2,4245.714285714286,2023-03-25,19,bravery atún y vegetales alimento húmedo,humedo,alimento,1990.0,1486.0,6.0,8.0,0.015,4050.0
15694,1225,2023-03-13,0,14085.0,2023-04-06,24,bravery light iberian pork mini adult small breeds 7 kg,weight control,alimento,43320.0,28170.0,131.0,0.0,0.015,4350.0
15710,532,2023-03-13,11,694213.3333333331,2023-04-07,25,pro plan adult large breed 15kg ar,adultos,alimento,77690.0,59504.0,234.0,1.0,0.015,4450.0
15715,1433,2023-03-13,4,322513.7142857144,2023-04-15,33,royal canin maxi junior 15 kgr,adultos,alimento,89240.0,68412.0,268.0,4.0,0.015,1900.0
15736,443,2023-03-13,12,335916.0,2023-04-01,19,bravery chicken mini adult small breeds 7 kg,adultos,alimento,35990.0,27993.0,109.0,0.0,0.015,3800.0
15738,758,2023-03-13,1,47279.0,2023-04-02,20,brit care gf junior large breed salmon  12 kg,cachorros,alimento,64990.0,47279.0,196.0,2.0,0.015,3350.0
15748,1678,2023-03-13,4,253300.0,2023-03-31,18,royal can. urinary canine 10 kg.,medicados,alimento,93370.0,63325.0,282.0,0.0,0.015,1850.0
15773,629,2023-03-20,8,474632.2857142856,2023-04-14,25,eukanuba adulto large breed 15 kg,adultos,alimento,82410.0,58804.0,249.0,3.0,0.015,3400.0
15998,834,2023-04-03,9,421344.0,2023-04-24,21,brit care adult medium breed l&r 12 kg,adultos,alimento,62990.0,46816.0,190.0,4.0,0.015,1850.0
16235,532,2023-04-10,7,436362.6666666668,2023-04-30,20,pro plan adult large breed 15kg ar,adultos,alimento,77690.0,59504.0,234.0,1.0,0.015,4450.0
16277,1476,2023-04-17,6,223468.66666666657,2023-05-07,20,bravery chicken adult cat 7 kg,adultos,alimento,44990.0,32439.0,136.0,0.0,0.015,4850.0
16291,1433,2023-04-17,2,156370.28571428565,2023-05-16,29,royal canin maxi junior 15 kgr,adultos,alimento,89240.0,68412.0,268.0,4.0,0.015,1900.0
16310,1734,2023-04-17,6,9906.666666666668,2023-05-05,18,bravery atún y vegetales alimento húmedo,humedo,alimento,1990.0,1486.0,6.0,8.0,0.015,4050.0
16354,834,2023-04-24,13,608608.0,2023-05-15,21,brit care adult medium breed l&r 12 kg,adultos,alimento,62990.0,46816.0,190.0,4.0,0.015,1850.0
16375,1688,2023-04-24,16,606540.0,2023-05-15,21,monge maxi adult chicken de 12 kg,adultos,alimento,54390.0,36760.0,164.0,1.0,0.015,5150.0
16393,709,2023-04-24,8,409368.5,2023-05-14,20,bravery salmon adult large/medium breed 12 kg,adultos,alimento,60990.0,48161.0,183.0,4.0,0.015,5300.0
16490,532,2023-05-01,11,690246.3999999999,2023-05-19,18,pro plan adult large breed 15kg ar,adultos,alimento,77690.0,59504.0,234.0,1.0,0.015,4450.0
16495,274,2023-05-01,2,39014.0,2023-05-19,18,bravery light iberian pork adult l/m breeds 4 kg,weight control,alimento,24990.0,19507.0,75.0,1.0,0.015,3100.0
16527,629,2023-05-01,9,585589.8333333333,2023-05-19,18,eukanuba adulto large breed 15 kg,adultos,alimento,82410.0,58804.0,249.0,3.0,0.015,3400.0
16739,596,2023-05-08,32,2170182.0,2023-05-31,23,royal canin maxi adulto 15 kg,adultos,alimento,85410.0,66570.0,257.0,3.0,0.015,3000.0
16792,1225,2023-05-15,9,267615.0,2023-06-02,18,bravery light iberian pork mini adult small breeds 7 kg,weight control,alimento,43320.0,28170.0,131.0,0.0,0.015,4350.0
16799,1231,2023-05-15,3,120186.0,2023-06-06,22,brit care cat grain-free kitten healthy g&d 7 kg,cachorros,alimento,55990.0,40062.0,168.0,1.0,0.015,5250.0
16804,1510,2023-05-15,7,286193.1999999999,2023-06-08,24,bravery salmon adult cat 7 kg,adultos,alimento,47990.0,37657.0,145.0,1.0,0.015,1050.0
16808,808,2023-05-15,1,47305.0,2023-06-03,19,brit care gf adult salmon 12 kg,adultos,alimento,62990.0,47305.0,190.0,9.0,0.015,1300.0
16840,709,2023-05-15,8,399736.3000000001,2023-06-11,27,bravery salmon adult large/medium breed 12 kg,adultos,alimento,60990.0,48161.0,183.0,4.0,0.015,5300.0
16880,1308,2023-05-22,9,386199.0,2023-06-15,24,brit care adulto large salmon & potato 12 kg,adultos,alimento,62990.0,42911.0,190.0,2.0,0.015,5000.0
16893,1005,2023-05-29,6,240018.75,2023-06-18,20,bravery chicken adult large/medium breeds 12 kg,adultos,alimento,54990.0,38403.0,165.0,0.0,0.015,650.0
16945,91,2023-05-29,16,519057.0,2023-06-22,24,royal can  vet cat  young male s/o 3.5 kilo,adultos,alimento,42480.0,31458.0,127.0,12.0,0.015,500.0
17326,709,2023-06-12,6,298598.19999999995,2023-07-02,20,bravery salmon adult large/medium breed 12 kg,adultos,alimento,60990.0,48161.0,183.0,4.0,0.015,5300.0
17368,1308,2023-06-19,15,672272.3333333334,2023-07-16,27,brit care adulto large salmon & potato 12 kg,adultos,alimento,62990.0,42911.0,190.0,2.0,0.015,5000.0
17396,596,2023-06-26,15,1005207.0,2023-07-16,20,royal canin maxi adulto 15 kg,adultos,alimento,85410.0,66570.0,257.0,3.0,0.015,3000.0
17448,1005,2023-07-03,3,117129.15000000002,2023-07-21,18,bravery chicken adult large/medium breeds 12 kg,adultos,alimento,54990.0,38403.0,165.0,0.0,0.015,650.0
17785,1476,2023-07-10,6,194634.0,2023-07-29,19,bravery chicken adult cat 7 kg,adultos,alimento,44990.0,32439.0,136.0,0.0,0.015,4850.0
17800,629,2023-07-10,6,399867.2000000002,2023-08-05,26,eukanuba adulto large breed 15 kg,adultos,alimento,82410.0,58804.0,249.0,3.0,0.015,3400.0
17826,279,2023-07-10,9,112608.0,2023-07-28,18,bravery light iberian pork mini adult small breeds 2 kg,adultos,alimento,16990.0,12512.0,52.0,1.0,0.015,2650.0
17843,485,2023-07-17,1,61209.0,2023-08-09,23,royal can. hepatic canine 10 kg.,medicados,alimento,91930.0,61209.0,277.0,0.0,0.015,500.0
17848,596,2023-07-17,1,71007.99999999975,2023-08-05,19,royal canin maxi adulto 15 kg,adultos,alimento,85410.0,66570.0,257.0,3.0,0.015,3000.0
17880,1308,2023-07-17,5,228858.66666666663,2023-08-05,19,brit care adulto large salmon & potato 12 kg,adultos,alimento,62990.0,42911.0,190.0,2.0,0.015,5000.0
17895,1225,2023-07-24,20,563400.0,2023-08-14,21,bravery light iberian pork mini adult small breeds 7 kg,weight control,alimento,43320.0,28170.0,131.0,0.0,0.015,4350.0
17910,274,2023-07-24,1,19507.0,2023-08-14,21,bravery light iberian pork adult l/m breeds 4 kg,weight control,alimento,24990.0,19507.0,75.0,1.0,0.015,3100.0
17943,758,2023-07-24,3,141837.0,2023-08-12,19,brit care gf junior large breed salmon  12 kg,cachorros,alimento,64990.0,47279.0,196.0,2.0,0.015,3350.0
17947,1706,2023-07-24,3,106732.80000000008,2023-08-11,18,pro plan adulto optihealth r/m 15 kg,adultos,alimento,49500.0,33354.0,149.0,0.0,0.015,3850.0
17949,709,2023-07-24,4,192644.0,2023-08-21,28,bravery salmon adult large/medium breed 12 kg,adultos,alimento,60990.0,48161.0,183.0,4.0,0.015,5300.0
18302,1005,2023-08-07,8,330265.8,2023-08-26,19,bravery chicken adult large/medium breeds 12 kg,adultos,alimento,54990.0,38403.0,165.0,0.0,0.015,650.0
18309,1029,2023-08-07,4,159676.0,2023-08-27,20,brit care senior l&r 12 kg,senior,alimento,53990.0,39919.0,164.0,1.0,0.015,2200.0
18343,1308,2023-08-07,20,872523.6666666667,2023-08-31,24,brit care adulto large salmon & potato 12 kg,adultos,alimento,62990.0,42911.0,190.0,2.0,0.015,5000.0
18368,543,2023-08-14,1,78511.66666666673,2023-09-01,18,brit care adult large breed l&r 12 kg,adultos,alimento,62990.0,47107.0,190.0,4.0,0.015,5250.0
18369,1387,2023-08-14,1,45406.0,2023-09-01,18,bravery chicken puppy large/medium breeds 12 kg,cachorros,alimento,59990.0,45406.0,182.0,3.0,0.015,500.0
18372,629,2023-08-14,7,413308.1142857143,2023-09-10,27,eukanuba adulto large breed 15 kg,adultos,alimento,82410.0,58804.0,249.0,3.0,0.015,3400.0
18374,834,2023-08-14,12,561792.0,2023-09-04,21,brit care adult medium breed l&r 12 kg,adultos,alimento,62990.0,46816.0,190.0,4.0,0.015,1850.0
18383,1734,2023-08-14,19,28234.0,2023-09-02,19,bravery atún y vegetales alimento húmedo,humedo,alimento,1990.0,1486.0,6.0,8.0,0.015,4050.0
18389,1688,2023-08-14,8,312460.0,2023-09-02,19,monge maxi adult chicken de 12 kg,adultos,alimento,54390.0,36760.0,164.0,1.0,0.015,5150.0
18403,648,2023-08-14,12,230026.66666666663,2023-09-02,19,monge mini adult chicken de 3 kg,adultos,alimento,25990.0,18160.0,78.0,4.0,0.015,1700.0
18418,485,2023-08-21,1,61209.0,2023-09-12,22,royal can. hepatic canine 10 kg.,medicados,alimento,91930.0,61209.0,277.0,0.0,0.015,500.0
18459,709,2023-08-21,8,385288.0,2023-09-12,22,bravery salmon adult large/medium breed 12 kg,adultos,alimento,60990.0,48161.0,183.0,4.0,0.015,5300.0
18465,1005,2023-08-28,4,168973.2,2023-09-19,22,bravery chicken adult large/medium breeds 12 kg,adultos,alimento,54990.0,38403.0,165.0,0.0,0.015,650.0
18808,1706,2023-09-04,15,500310.0,2023-09-22,18,pro plan adulto optihealth r/m 15 kg,adultos,alimento,49500.0,33354.0,149.0,0.0,0.015,3850.0
18852,1324,2023-09-11,2,102222.0,2023-10-02,21,eukanuba puppy medium breed 15 kg,cachorros,alimento,78280.0,51111.0,236.0,2.0,0.015,2900.0
18890,279,2023-09-11,5,62560.0,2023-09-30,19,bravery light iberian pork mini adult small breeds 2 kg,adultos,alimento,16990.0,12512.0,52.0,1.0,0.015,2650.0
18951,709,2023-09-18,7,337127.0,2023-10-10,22,bravery salmon adult large/medium breed 12 kg,adultos,alimento,60990.0,48161.0,183.0,4.0,0.015,5300.0
18998,1529,2023-09-25,2,68082.0,2023-10-14,19,bravery salmon adult cat sterilized 7 kg,adultos,alimento,49990.0,34041.0,150.0,0.0,0.015,2250.0
19251,114,2023-10-02,3,26045.5,2023-10-29,27,dingo dental stick huesitos ,snack,alimento,11990.0,8014.0,36.0,15.0,0.015,1100.0
19271,443,2023-10-02,5,162359.3999999999,2023-10-23,21,bravery chicken mini adult small breeds 7 kg,adultos,alimento,35990.0,27993.0,109.0,0.0,0.015,3800.0
19336,91,2023-10-02,1,31458.0,2023-10-20,18,royal can  vet cat  young male s/o 3.5 kilo,adultos,alimento,42480.0,31458.0,127.0,12.0,0.015,500.0
19352,1476,2023-10-09,8,266720.6666666666,2023-10-29,20,bravery chicken adult cat 7 kg,adultos,alimento,44990.0,32439.0,136.0,0.0,0.015,4850.0
19390,1225,2023-10-16,10,281700.0,2023-11-04,19,bravery light iberian pork mini adult small breeds 7 kg,weight control,alimento,43320.0,28170.0,131.0,0.0,0.015,4350.0
19400,1556,2023-10-16,3,40185.000000000015,2023-11-04,19,amity sp low grain salmon adult 4 kg,adultos,alimento,18990.0,12690.0,57.0,0.0,0.015,1700.0
19410,1433,2023-10-16,2,136824.0,2023-11-14,29,royal canin maxi junior 15 kgr,adultos,alimento,89240.0,68412.0,268.0,4.0,0.015,1900.0
19429,1003,2023-10-16,1,40209.0,2023-11-05,20,brit care cat grain-free haircare healthy & shiny coat 7 kg,adultos,alimento,55990.0,40209.0,168.0,2.0,0.015,3400.0
19456,596,2023-10-23,0,11094.999999999842,2023-11-14,22,royal canin maxi adulto 15 kg,adultos,alimento,85410.0,66570.0,257.0,3.0,0.015,3000.0
19467,1535,2023-10-23,2,95912.0,2023-11-13,21,royal can. shn mini junior 7.5 kgr.,cachorros,alimento,61500.0,47956.0,185.0,0.0,0.015,2600.0
19503,91,2023-10-23,13,435918.0,2023-11-12,20,royal can  vet cat  young male s/o 3.5 kilo,adultos,alimento,42480.0,31458.0,127.0,12.0,0.015,500.0
19516,832,2023-10-30,10,471750.0,2023-11-18,19,royal can fhn fit 32 7.5 kilo,adultos,alimento,65290.0,47175.0,196.0,3.0,0.015,2200.0
19523,629,2023-10-30,19,1156478.6666666667,2023-11-17,18,eukanuba adulto large breed 15 kg,adultos,alimento,82410.0,58804.0,249.0,3.0,0.015,3400.0
19525,834,2023-10-30,4,187264.0,2023-11-18,19,brit care adult medium breed l&r 12 kg,adultos,alimento,62990.0,46816.0,190.0,4.0,0.015,1850.0
19537,114,2023-10-30,13,110192.5,2023-11-18,19,dingo dental stick huesitos ,snack,alimento,11990.0,8014.0,36.0,15.0,0.015,1100.0
19547,709,2023-10-30,2,96322.0,2023-11-20,21,bravery salmon adult large/medium breed 12 kg,adultos,alimento,60990.0,48161.0,183.0,4.0,0.015,5300.0
19802,1005,2023-11-13,2,105608.25,2023-12-04,21,bravery chicken adult large/medium breeds 12 kg,adultos,alimento,54990.0,38403.0,165.0,0.0,0.015,650.0
19803,1225,2023-11-13,3,84510.0,2023-12-02,19,bravery light iberian pork mini adult small breeds 7 kg,weight control,alimento,43320.0,28170.0,131.0,0.0,0.015,4350.0
19814,1556,2023-11-13,14,184005.0,2023-12-03,20,amity sp low grain salmon adult 4 kg,adultos,alimento,18990.0,12690.0,57.0,0.0,0.015,1700.0
19847,1272,2023-11-13,2,68952.0,2023-12-04,21,brit care duck endurance 12 kg,adultos,alimento,50900.0,34476.0,154.0,2.0,0.015,1800.0
19850,1308,2023-11-13,2,114429.33333333324,2023-12-11,28,brit care adulto large salmon & potato 12 kg,adultos,alimento,62990.0,42911.0,190.0,2.0,0.015,5000.0
19863,648,2023-11-13,7,127120.0,2023-12-03,20,monge mini adult chicken de 3 kg,adultos,alimento,25990.0,18160.0,78.0,4.0,0.015,1700.0
19879,596,2023-11-20,11,732270.0,2023-12-13,23,royal canin maxi adulto 15 kg,adultos,alimento,85410.0,66570.0,257.0,3.0,0.015,3000.0
19896,629,2023-11-20,14,823256.0,2023-12-22,32,eukanuba adulto large breed 15 kg,adultos,alimento,82410.0,58804.0,249.0,3.0,0.015,3400.0
19898,834,2023-11-20,10,468160.0,2023-12-08,18,brit care adult medium breed l&r 12 kg,adultos,alimento,62990.0,46816.0,190.0,4.0,0.015,1850.0
19992,1005,2023-12-04,3,147211.49999999994,2023-12-26,22,bravery chicken adult large/medium breeds 12 kg,adultos,alimento,54990.0,38403.0,165.0,0.0,0.015,650.0
20012,1324,2023-12-04,8,408888.0,2023-12-30,26,eukanuba puppy medium breed 15 kg,cachorros,alimento,78280.0,51111.0,236.0,2.0,0.015,2900.0
20328,534,2023-12-11,6,27195.33333333333,2023-12-30,19,belcando búfalo de agua 400 gr,humedo,alimento,5590.0,4294.0,18.0,0.0,0.015,650.0
20363,443,2023-12-11,25,699825.0,2024-01-02,22,bravery chicken mini adult small breeds 7 kg,adultos,alimento,35990.0,27993.0,109.0,0.0,0.015,3800.0
20428,709,2023-12-18,6,288966.0,2024-01-14,27,bravery salmon adult large/medium breed 12 kg,adultos,alimento,60990.0,48161.0,183.0,4.0,0.015,5300.0
20448,1433,2023-12-25,4,273648.0,2024-01-23,29,royal canin maxi junior 15 kgr,adultos,alimento,89240.0,68412.0,268.0,4.0,0.015,1900.0
20464,1272,2023-12-25,1,34476.0,2024-01-13,19,brit care duck endurance 12 kg,adultos,alimento,50900.0,34476.0,154.0,2.0,0.015,1800.0
20898,1734,2024-01-15,4,7132.799999999996,2024-02-06,22,bravery atún y vegetales alimento húmedo,humedo,alimento,1990.0,1486.0,6.0,8.0,0.015,4050.0
20904,1272,2024-01-15,8,293046.0,2024-02-02,18,brit care duck endurance 12 kg,adultos,alimento,50900.0,34476.0,154.0,2.0,0.015,1800.0
20906,1308,2024-01-15,4,171644.0,2024-02-05,21,brit care adulto large salmon & potato 12 kg,adultos,alimento,62990.0,42911.0,190.0,2.0,0.015,5000.0
20919,709,2024-01-15,9,465556.3333333332,2024-02-04,20,bravery salmon adult large/medium breed 12 kg,adultos,alimento,60990.0,48161.0,183.0,4.0,0.015,5300.0
20923,91,2024-01-15,13,415245.6,2024-02-04,20,royal can  vet cat  young male s/o 3.5 kilo,adultos,alimento,42480.0,31458.0,127.0,12.0,0.015,500.0
20937,596,2024-01-22,2,173082.0000000001,2024-02-17,26,royal canin maxi adulto 15 kg,adultos,alimento,85410.0,66570.0,257.0,3.0,0.015,3000.0
21002,1433,2024-01-29,28,1949742.0,2024-02-27,29,royal canin maxi junior 15 kgr,adultos,alimento,89240.0,68412.0,268.0,4.0,0.015,1900.0
21259,1308,2024-02-05,9,394781.2,2024-02-26,21,brit care adulto large salmon & potato 12 kg,adultos,alimento,62990.0,42911.0,190.0,2.0,0.015,5000.0
21357,532,2024-02-12,14,842973.3333333333,2024-03-04,21,pro plan adult large breed 15kg ar,adultos,alimento,77690.0,59504.0,234.0,1.0,0.015,4450.0
21363,629,2024-02-12,7,415548.2666666669,2024-03-08,25,eukanuba adulto large breed 15 kg,adultos,alimento,82410.0,58804.0,249.0,3.0,0.015,3400.0
21474,1650,2024-02-26,19,932176.0,2024-03-16,19,brit care dog show champion salmon 12 kg,adultos,alimento,63990.0,48216.0,193.0,6.0,0.015,1650.0
21482,1308,2024-02-26,0,34328.80000000003,2024-03-15,18,brit care adulto large salmon & potato 12 kg,adultos,alimento,62990.0,42911.0,190.0,2.0,0.015,5000.0
21484,1003,2024-02-26,4,160836.0,2024-03-15,18,brit care cat grain-free haircare healthy & shiny coat 7 kg,adultos,alimento,55990.0,40209.0,168.0,2.0,0.015,3400.0
21557,596,2024-03-04,11,791443.3333333334,2024-03-30,26,royal canin maxi adulto 15 kg,adultos,alimento,85410.0,66570.0,257.0,3.0,0.015,3000.0
21729,114,2024-03-04,10,81920.88888888888,2024-03-28,24,dingo dental stick huesitos ,snack,alimento,11990.0,8014.0,36.0,15.0,0.015,1100.0
220,120,2020-02-03,13,483925.0,2020-02-23,20,cytopoint 30 mg iny 20-30 k,medicamentos,medicamentos,48510.0,37225.0,89.0,2.0,0.0002,1200.0
474,1378,2020-03-02,11,290609.0,2020-03-21,19,contralac 20 x 16 comp.,comportamiento,medicamentos,34870.0,26419.0,64.0,0.0,0.0002,500.0
567,1668,2020-03-02,11,257752.0,2020-03-20,18,feliway friends repuesto mas difusor 48ml,comportamiento,medicamentos,35990.0,23432.0,67.0,1.0,0.0002,700.0
997,1071,2020-04-06,1,23845.0,2020-04-25,19,bravecto gatos 6.25 a 12.5 kg,antiparasitarios,medicamentos,34800.0,23845.0,64.0,1.0,0.0002,600.0
2396,189,2020-08-03,9,104499.0,2020-08-21,18,gel otico plus x 11.5 grs.,otico,medicamentos,17150.0,11611.0,32.0,0.0,0.0002,500.0
2613,1381,2020-08-31,1,13404.0,2020-09-18,18,frontline plus pipeta perro 40-60 kg.,ant. ext.,medicamentos,19560.0,13404.0,36.0,4.0,0.0002,500.0
2962,423,2020-10-05,1,18969.0,2020-10-26,21,fiprokill spray x 250 ml ,ant. ext.,medicamentos,24990.0,18969.0,46.0,1.0,0.0002,500.0
3427,490,2020-11-30,1,24083.0,2020-12-23,23,bravecto gato 2.8 a 6.25 kg,ant. ext.,medicamentos,31470.0,24083.0,58.0,13.0,0.0002,600.0
3571,1534,2020-11-30,1,8442.0,2020-12-18,18,mamistop 250 gr. (perro),suplemento,medicamentos,11780.0,8442.0,22.0,0.0,0.0002,500.0
4241,423,2021-02-01,1,18969.0,2021-02-19,18,fiprokill spray x 250 ml ,ant. ext.,medicamentos,24990.0,18969.0,46.0,1.0,0.0002,500.0
4384,345,2021-02-01,1,22926.0,2021-02-19,18,nexgard x 3 tab. 10 a  25 kg,ant. ext.,medicamentos,32990.0,22926.0,61.0,2.0,0.0002,500.0
4581,1362,2021-03-01,2,59690.0,2021-03-24,23,nexgard x 3 tab. 25- 50k,ant. ext.,medicamentos,43990.0,29845.0,81.0,0.0,0.0002,500.0
4628,148,2021-03-01,1,19167.0,2021-03-20,19,cytopoint 10 mg iny 3-10 k,medicamentos,medicamentos,27490.0,19167.0,51.0,0.0,0.0002,500.0
4630,736,2021-03-01,1,37858.0,2021-03-26,25,bravecto 1.300 mg perro 40 a 56 kg,ant. ext.,medicamentos,53770.0,37858.0,99.0,0.0,0.0002,500.0
4829,189,2021-03-01,7,81277.0,2021-03-21,20,gel otico plus x 11.5 grs.,otico,medicamentos,17150.0,11611.0,32.0,0.0,0.0002,500.0
5092,490,2021-04-05,2,48166.0,2021-04-27,22,bravecto gato 2.8 a 6.25 kg,ant. ext.,medicamentos,31470.0,24083.0,58.0,13.0,0.0002,600.0
6736,692,2021-08-02,1,39076.0,2021-08-21,19,cytopoint 40 mg iny 30-40 k,medicamentos,medicamentos,56590.0,39076.0,104.0,0.0,0.0002,1000.0
7509,618,2021-10-04,1,24349.0,2021-10-23,19,feliway friends repuesto,comportamiento,medicamentos,31630.0,24349.0,59.0,1.0,0.0002,650.0
8140,1713,2021-12-06,1,33507.0,2021-12-29,23,bravecto 1.000 mg perro 20 a 40 kg,ant. ext.,medicamentos,49650.0,33507.0,92.0,0.0,0.0002,800.0
9034,1389,2022-01-31,1,32528.0,2022-02-21,21,seresto collar p/p hasta 8 kilos,ant. ext.,medicamentos,47990.0,32528.0,89.0,0.0,0.0002,500.0
9173,120,2022-01-31,1,37225.0,2022-02-20,20,cytopoint 30 mg iny 20-30 k,medicamentos,medicamentos,48510.0,37225.0,89.0,2.0,0.0002,1200.0
9254,1525,2022-01-31,1,22858.0,2022-02-21,21,bravecto gato 1.2 a 2.8 kg,ant. ext.,medicamentos,29610.0,22858.0,55.0,0.0,0.0002,750.0
9521,1389,2022-02-28,1,32528.0,2022-03-21,21,seresto collar p/p hasta 8 kilos,ant. ext.,medicamentos,47990.0,32528.0,89.0,0.0,0.0002,500.0
9522,1362,2022-02-28,2,59690.0,2022-03-20,20,nexgard x 3 tab. 25- 50k,ant. ext.,medicamentos,43990.0,29845.0,81.0,0.0,0.0002,500.0
9756,1525,2022-02-28,2,45716.0,2022-03-18,18,bravecto gato 1.2 a 2.8 kg,ant. ext.,medicamentos,29610.0,22858.0,55.0,0.0,0.0002,750.0
10215,120,2022-04-04,1,37225.0,2022-04-26,22,cytopoint 30 mg iny 20-30 k,medicamentos,medicamentos,48510.0,37225.0,89.0,2.0,0.0002,1200.0
10313,345,2022-04-04,1,22926.0,2022-04-22,18,nexgard x 3 tab. 10 a  25 kg,ant. ext.,medicamentos,32990.0,22926.0,61.0,2.0,0.0002,500.0
10756,1768,2022-05-02,1,13128.0,2022-05-21,19,cerenia comp. 24 mg.,digestivo,medicamentos,18820.0,13128.0,35.0,0.0,0.0002,500.0
10801,152,2022-05-02,1,26460.0,2022-05-22,20,cytopoint 20 mg iny 10-20 k,medicamentos,medicamentos,40020.0,26460.0,74.0,0.0,0.0002,900.0
11133,1713,2022-06-06,1,33507.0,2022-06-29,23,bravecto 1.000 mg perro 20 a 40 kg,ant. ext.,medicamentos,49650.0,33507.0,92.0,0.0,0.0002,800.0
11232,692,2022-06-06,2,78152.0,2022-06-25,19,cytopoint 40 mg iny 30-40 k,medicamentos,medicamentos,56590.0,39076.0,104.0,0.0,0.0002,1000.0
11261,1381,2022-06-06,1,13404.0,2022-06-24,18,frontline plus pipeta perro 40-60 kg.,ant. ext.,medicamentos,19560.0,13404.0,36.0,4.0,0.0002,500.0
11596,1389,2022-07-04,1,32528.0,2022-07-25,21,seresto collar p/p hasta 8 kilos,ant. ext.,medicamentos,47990.0,32528.0,89.0,0.0,0.0002,500.0
11597,1362,2022-07-04,2,59690.0,2022-07-22,18,nexgard x 3 tab. 25- 50k,ant. ext.,medicamentos,43990.0,29845.0,81.0,0.0,0.0002,500.0
11669,736,2022-07-04,1,37858.0,2022-07-31,27,bravecto 1.300 mg perro 40 a 56 kg,ant. ext.,medicamentos,53770.0,37858.0,99.0,0.0,0.0002,500.0
11676,1769,2022-07-04,1,11300.0,2022-07-22,18,koralen 20 mg (oral),analgesico,medicamentos,15830.0,11300.0,30.0,2.0,0.0002,500.0
12080,1713,2022-08-01,1,33507.0,2022-08-23,22,bravecto 1.000 mg perro 20 a 40 kg,ant. ext.,medicamentos,49650.0,33507.0,92.0,0.0,0.0002,800.0
12724,490,2022-09-05,1,24083.0,2022-09-26,21,bravecto gato 2.8 a 6.25 kg,ant. ext.,medicamentos,31470.0,24083.0,58.0,13.0,0.0002,600.0
14150,152,2022-12-05,1,26460.0,2022-12-27,22,cytopoint 20 mg iny 10-20 k,medicamentos,medicamentos,40020.0,26460.0,74.0,0.0,0.0002,900.0
14963,1389,2023-02-06,1,32528.0,2023-03-06,28,seresto collar p/p hasta 8 kilos,ant. ext.,medicamentos,47990.0,32528.0,89.0,0.0,0.0002,500.0
15618,1455,2023-03-06,1,18818.0,2023-03-26,20,advocate 1 x o.8,ant. ext.,medicamentos,24990.0,18818.0,46.0,6.0,0.0002,550.0
16507,736,2023-05-01,1,37858.0,2023-05-20,19,bravecto 1.300 mg perro 40 a 56 kg,ant. ext.,medicamentos,53770.0,37858.0,99.0,0.0,0.0002,500.0
17054,736,2023-06-05,1,37858.0,2023-06-29,24,bravecto 1.300 mg perro 40 a 56 kg,ant. ext.,medicamentos,53770.0,37858.0,99.0,0.0,0.0002,500.0
17191,801,2023-06-05,1,13168.0,2023-06-25,20,ofloxacino 0.3 x 10 ml.,ocular,medicamentos,19000.0,13168.0,35.0,1.0,0.0002,500.0
17459,1389,2023-07-03,1,32528.0,2023-07-29,26,seresto collar p/p hasta 8 kilos,ant. ext.,medicamentos,47990.0,32528.0,89.0,0.0,0.0002,500.0
17539,490,2023-07-03,1,24083.0,2023-07-22,19,bravecto gato 2.8 a 6.25 kg,ant. ext.,medicamentos,31470.0,24083.0,58.0,13.0,0.0002,600.0
17765,269,2023-07-03,1,27941.0,2023-07-23,20,apoquel 16 mg x 20 comprimidos,antialergico,medicamentos,42330.0,27941.0,78.0,0.0,0.0002,600.0
18059,490,2023-07-31,1,24083.0,2023-08-20,20,bravecto gato 2.8 a 6.25 kg,ant. ext.,medicamentos,31470.0,24083.0,58.0,13.0,0.0002,600.0
19210,388,2023-10-02,1,19043.0,2023-10-21,19,stomorgyl 10 x 10 comp,antibiotico,medicamentos,26280.0,19043.0,49.0,2.0,0.0002,500.0
19561,1713,2023-11-06,1,33507.0,2023-11-25,19,bravecto 1.000 mg perro 20 a 40 kg,ant. ext.,medicamentos,49650.0,33507.0,92.0,0.0,0.0002,800.0
19615,736,2023-11-06,2,75716.0,2023-12-05,29,bravecto 1.300 mg perro 40 a 56 kg,ant. ext.,medicamentos,53770.0,37858.0,99.0,0.0,0.0002,500.0
20267,345,2023-12-04,2,45852.0,2023-12-22,18,nexgard x 3 tab. 10 a  25 kg,ant. ext.,medicamentos,32990.0,22926.0,61.0,2.0,0.0002,500.0
20336,736,2023-12-11,1,37858.0,2024-01-01,21,bravecto 1.300 mg perro 40 a 56 kg,ant. ext.,medicamentos,53770.0,37858.0,99.0,0.0,0.0002,500.0
21233,1768,2024-02-05,1,13128.0,2024-02-23,18,cerenia comp. 24 mg.,digestivo,medicamentos,18820.0,13128.0,35.0,0.0,0.0002,500.0
21512,1713,2024-03-04,1,33507.0,2024-03-26,22,bravecto 1.000 mg perro 20 a 40 kg,ant. ext.,medicamentos,49650.0,33507.0,92.0,0.0,0.0002,800.0
